,simulation,time,R_c
0,LigParGen/SM25/SM25/FEP/water/Coulomb/0000/,49999.8,0.0703
1,LigParGen/SM25/SM25/FEP/water/Coulomb/0250/,49999.8,0.31448000000000004
2,LigParGen/SM25/SM25/FEP/water/Coulomb/0500/,49999.8,0.10812000000000001
3,LigParGen/SM25/SM25/FEP/water/Coulomb/0750/,49999.8,0.048539999999999986
4,LigParGen/SM25/SM25/FEP/water/Coulomb/1000/,49999.8,0.16971999999999998
5,LigParGen/SM25/SM25/FEP/water/VDW/0000/,49999.8,0.0008799999999999998
6,LigParGen/SM25/SM25/FEP/water/VDW/0050/,49999.8,0.0005
7,LigParGen/SM25/SM25/FEP/water/VDW/0100/,49999.8,0.00456
8,LigParGen/SM25/SM25/FEP/water/VDW/0200/,49999.8,0.00364
9,LigParGen/SM25/SM25/FEP/water/VDW/0300/,49999.8,0.004059999999999999
10,LigParGen/SM25/SM25/FEP/water/VDW/0400/,49999.8,0.006719999999999999
11,LigParGen/SM25/SM25/FEP/water/VDW/0500/,49999.8,0.008999999999999998
12,LigParGen/SM25/SM25/FEP/water/VDW/0600/,49999.8,0.011879999999999998
13,LigParGen/SM25/SM25/FEP/water/VDW/0650/,49999.8,0.034379999999999994
14,LigParGen/SM25/SM25/FEP/water/VDW/0700/,49999.8,0.10800000000000001
15,LigParGen/SM25/SM25/FEP/water/VDW/0750/,49999.8,0.2954
16,LigParGen/SM25/SM25/FEP/water/VDW/0800/,49999.8,0.05154
17,LigParGen/SM25/SM25/FEP/water/VDW/0850/,49999.8,0.015919999999999997
18,LigParGen/SM25/SM25/FEP/water/VDW/0900/,49999.8,0.008879999999999999
19,LigParGen/SM25/SM25/FEP/water/VDW/0950/,49999.8,0.00112
20,LigParGen/SM25/SM25/FEP/water/VDW/1000/,49999.8,0.00124
21,LigParGen/SM25/SM25/FEP/octanol/Coulomb/0000/,150000.1,0.5995226698488676
22,LigParGen/SM25/SM25/FEP/octanol/Coulomb/0125/,150000.1,0.4628635809094606
23,LigParGen/SM25/SM25/FEP/octanol/Coulomb/0250/,150000.1,0.5207365284231438
24,LigParGen/SM25/SM25/FEP/octanol/Coulomb/0375/,150000.1,0.349417670548863
25,LigParGen/SM25/SM25/FEP/octanol/Coulomb/0500/,150000.1,0.10915260564929566
26,LigParGen/SM25/SM25/FEP/octanol/Coulomb/0750/,150000.1,0.08913273911507258
27,LigParGen/SM25/SM25/FEP/octanol/Coulomb/1000/,150000.1,0.05391297391350725
28,LigParGen/SM25/SM25/FEP/octanol/VDW/0000/,150000.1,0.014046573022846514
29,LigParGen/SM25/SM25/FEP/octanol/VDW/0050/,150000.1,0.008239945067032886
30,LigParGen/SM25/SM25/FEP/octanol/VDW/0100/,150000.1,0.18177212151918987
31,LigParGen/SM25/SM25/FEP/octanol/VDW/0200/,150000.1,0.02385317431217125
32,LigParGen/SM25/SM25/FEP/octanol/VDW/0300/,150000.1,0.004373304177972146
33,LigParGen/SM25/SM25/FEP/octanol/VDW/0400/,150000.1,0.0440663728908474
34,LigParGen/SM25/SM25/FEP/octanol/VDW/0500/,150000.1,0.03724641835721095
35,LigParGen/SM25/SM25/FEP/octanol/VDW/0600/,150000.1,0.0469130205798628
36,LigParGen/SM25/SM25/FEP/octanol/VDW/0650/,150000.1,0.04735301764654902
37,LigParGen/SM25/SM25/FEP/octanol/VDW/0700/,150000.1,0.04796634689102073
38,LigParGen/SM25/SM25/FEP/octanol/VDW/0750/,150000.1,0.07903947307017953
39,LigParGen/SM25/SM25/FEP/octanol/VDW/0800/,150000.1,0.18913873907507284
40,LigParGen/SM25/SM25/FEP/octanol/VDW/0850/,150000.1,0.2259518269878201
41,LigParGen/SM25/SM25/FEP/octanol/VDW/0900/,150000.1,0.024426503823307844
42,LigParGen/SM25/SM25/FEP/octanol/VDW/0950/,150000.1,0.043819707868614215
43,LigParGen/SM25/SM25/FEP/octanol/VDW/1000/,150000.1,0.003019979866800888
44,LigParGen/SM26/SM26/FEP/water/Coulomb/0000/,49999.8,0.8692799999999999
45,LigParGen/SM26/SM26/FEP/water/Coulomb/0250/,49999.8,0.09704
46,LigParGen/SM26/SM26/FEP/water/Coulomb/0500/,49999.8,0.004719999999999999
47,LigParGen/SM26/SM26/FEP/water/Coulomb/0750/,49999.8,0.00017999999999999998
48,LigParGen/SM26/SM26/FEP/water/Coulomb/1000/,49999.8,0.00038
49,LigParGen/SM26/SM26/FEP/water/VDW/0000/,49999.8,0.0007199999999999999
50,LigParGen/SM26/SM26/FEP/water/VDW/0050/,49999.8,0.0005200000000000001
51,LigParGen/SM26/SM26/FEP/water/VDW/0100/,49999.8,0.0005
52,LigParGen/SM26/SM26/FEP/water/VDW/0200/,49999.8,0.00236
53,LigParGen/SM26/SM26/FEP/water/VDW/0300/,49999.8,0.00108
54,LigParGen/SM26/SM26/FEP/water/VDW/0400/,49999.8,0.0039
55,LigParGen/SM26/SM26/FEP/water/VDW/0500/,49999.8,0.02504
56,LigParGen/SM26/SM26/FEP/water/VDW/0600/,49999.8,0.0701
57,LigParGen/SM26/SM26/FEP/water/VDW/0650/,49999.8,0.09982
58,LigParGen/SM26/SM26/FEP/water/VDW/0700/,49999.8,0.0544
59,LigParGen/SM26/SM26/FEP/water/VDW/0750/,49999.8,0.022180000000000002
60,LigParGen/SM26/SM26/FEP/water/VDW/0800/,49999.8,0.06532
61,LigParGen/SM26/SM26/FEP/water/VDW/0850/,49999.8,0.0073799999999999985
62,LigParGen/SM26/SM26/FEP/water/VDW/0900/,49999.8,0.00086
63,LigParGen/SM26/SM26/FEP/water/VDW/0950/,49999.8,0.003
64,LigParGen/SM26/SM26/FEP/water/VDW/1000/,49999.8,0.0005200000000000001
65,LigParGen/SM26/SM26/FEP/octanol/Coulomb/0000/,150000.1,0.15135232431783788
66,LigParGen/SM26/SM26/FEP/octanol/Coulomb/0125/,150000.1,0.022393184045439697
67,LigParGen/SM26/SM26/FEP/octanol/Coulomb/0250/,150000.1,0.1457123619175872
68,LigParGen/SM26/SM26/FEP/octanol/Coulomb/0375/,150000.1,0.5755628295811361
69,LigParGen/SM26/SM26/FEP/octanol/Coulomb/0500/,150000.1,0.0821261191592056
70,LigParGen/SM26/SM26/FEP/octanol/Coulomb/0750/,150000.1,0.0030599796001359986
71,LigParGen/SM26/SM26/FEP/octanol/Coulomb/1000/,150000.1,0.00048666342224385167
72,LigParGen/SM26/SM26/FEP/octanol/VDW/0000/,150000.1,0.0025799828001146657
73,LigParGen/SM26/SM26/FEP/octanol/VDW/0050/,150000.1,0.005746628355810961
74,LigParGen/SM26/SM26/FEP/octanol/VDW/0100/,150000.1,0.01996653355644296
75,LigParGen/SM26/SM26/FEP/octanol/VDW/0200/,150000.1,0.0010066599556002962
76,LigParGen/SM26/SM26/FEP/octanol/VDW/0300/,150000.1,0.008333277778148147
77,LigParGen/SM26/SM26/FEP/octanol/VDW/0400/,150000.1,0.0051532989780068116
78,LigParGen/SM26/SM26/FEP/octanol/VDW/0500/,150000.1,0.0071799521336524405
79,LigParGen/SM26/SM26/FEP/octanol/VDW/0600/,150000.1,0.006133292444717035
80,LigParGen/SM26/SM26/FEP/octanol/VDW/0650/,150000.1,0.04384637435750429
81,LigParGen/SM26/SM26/FEP/octanol/VDW/0700/,150000.1,0.02834647769014873
82,LigParGen/SM26/SM26/FEP/octanol/VDW/0750/,150000.1,0.06028626475823495
83,LigParGen/SM26/SM26/FEP/octanol/VDW/0800/,150000.1,0.06933287111419256
84,LigParGen/SM26/SM26/FEP/octanol/VDW/0850/,150000.1,0.0964193572042853
85,LigParGen/SM26/SM26/FEP/octanol/VDW/0900/,150000.1,0.022866514223238512
86,LigParGen/SM26/SM26/FEP/octanol/VDW/0950/,150000.1,0.016713221911853926
87,LigParGen/SM26/SM26/FEP/octanol/VDW/1000/,150000.1,0.002179985466763555
88,LigParGen/SM27/SM27/FEP/water/Coulomb/0000/,49999.8,0.5323399999999999
89,LigParGen/SM27/SM27/FEP/water/Coulomb/0250/,49999.8,0.03872
90,LigParGen/SM27/SM27/FEP/water/Coulomb/0500/,49999.8,0.02384
91,LigParGen/SM27/SM27/FEP/water/Coulomb/0750/,49999.8,0.00192
92,LigParGen/SM27/SM27/FEP/water/Coulomb/1000/,49999.8,0.00214
93,LigParGen/SM27/SM27/FEP/water/VDW/0000/,49999.8,0.00038
94,LigParGen/SM27/SM27/FEP/water/VDW/0050/,49999.8,0.0006799999999999999
95,LigParGen/SM27/SM27/FEP/water/VDW/0100/,49999.8,0.0030800000000000003
96,LigParGen/SM27/SM27/FEP/water/VDW/0200/,49999.8,0.00098
97,LigParGen/SM27/SM27/FEP/water/VDW/0300/,49999.8,0.00036
98,LigParGen/SM27/SM27/FEP/water/VDW/0400/,49999.8,0.00318
99,LigParGen/SM27/SM27/FEP/water/VDW/0500/,49999.8,0.00392
100,LigParGen/SM27/SM27/FEP/water/VDW/0600/,49999.8,0.013959999999999998
101,LigParGen/SM27/SM27/FEP/water/VDW/0650/,49999.8,0.0229
102,LigParGen/SM27/SM27/FEP/water/VDW/0700/,49999.8,0.20834
103,LigParGen/SM27/SM27/FEP/water/VDW/0750/,49999.8,0.07144
104,LigParGen/SM27/SM27/FEP/water/VDW/0800/,49999.8,0.008299999999999998
105,LigParGen/SM27/SM27/FEP/water/VDW/0850/,49999.8,0.010519999999999998
106,LigParGen/SM27/SM27/FEP/water/VDW/0900/,49999.8,0.005979999999999999
107,LigParGen/SM27/SM27/FEP/water/VDW/0950/,49999.8,0.0017399999999999998
108,LigParGen/SM27/SM27/FEP/water/VDW/1000/,49999.8,0.00046
109,LigParGen/SM27/SM27/FEP/octanol/Coulomb/0000/,150000.1,0.7585616095892693
110,LigParGen/SM27/SM27/FEP/octanol/Coulomb/0125/,150000.1,0.22278518143212375
111,LigParGen/SM27/SM27/FEP/octanol/Coulomb/0250/,150000.1,0.4018639875734162
112,LigParGen/SM27/SM27/FEP/octanol/Coulomb/0375/,150000.1,0.2915647229018473
113,LigParGen/SM27/SM27/FEP/octanol/Coulomb/0500/,150000.1,0.05160632262451584
114,LigParGen/SM27/SM27/FEP/octanol/Coulomb/0750/,150000.1,0.02445983693442044
115,LigParGen/SM27/SM27/FEP/octanol/Coulomb/1000/,150000.1,0.002686648755674962
116,LigParGen/SM27/SM27/FEP/octanol/VDW/0000/,150000.1,0.02103319311204592
117,LigParGen/SM27/SM27/FEP/octanol/VDW/0050/,150000.1,0.030059799601335986
118,LigParGen/SM27/SM27/FEP/octanol/VDW/0100/,150000.1,0.007839947733681777
119,LigParGen/SM27/SM27/FEP/octanol/VDW/0200/,150000.1,0.00696662022253185
120,LigParGen/SM27/SM27/FEP/octanol/VDW/0300/,150000.1,0.005519963200245331
121,LigParGen/SM27/SM27/FEP/octanol/VDW/0400/,150000.1,0.011799921333857773
122,LigParGen/SM27/SM27/FEP/octanol/VDW/0500/,150000.1,0.009746601689322072
123,LigParGen/SM27/SM27/FEP/octanol/VDW/0600/,150000.1,0.029519803201311992
124,LigParGen/SM27/SM27/FEP/octanol/VDW/0650/,150000.1,0.022679848801008
125,LigParGen/SM27/SM27/FEP/octanol/VDW/0700/,150000.1,0.06821287858080946
126,LigParGen/SM27/SM27/FEP/octanol/VDW/0750/,150000.1,0.18101212658582275
127,LigParGen/SM27/SM27/FEP/octanol/VDW/0800/,150000.1,0.09108605942627047
128,LigParGen/SM27/SM27/FEP/octanol/VDW/0850/,150000.1,0.12196585356097625
129,LigParGen/SM27/SM27/FEP/octanol/VDW/0900/,150000.1,0.04106639289071407
130,LigParGen/SM27/SM27/FEP/octanol/VDW/0950/,150000.1,0.0180732128452477
131,LigParGen/SM27/SM27/FEP/octanol/VDW/1000/,150000.1,0.003566642889047406
132,LigParGen/SM28/SM28/FEP/water/Coulomb/0000/,49999.8,0.7447999999999999
133,LigParGen/SM28/SM28/FEP/water/Coulomb/0250/,49999.8,0.6684599999999999
134,LigParGen/SM28/SM28/FEP/water/Coulomb/0500/,49999.8,0.28684
135,LigParGen/SM28/SM28/FEP/water/Coulomb/0750/,49999.8,0.16018
136,LigParGen/SM28/SM28/FEP/water/Coulomb/1000/,49999.8,0.02946
137,LigParGen/SM28/SM28/FEP/water/VDW/0000/,49999.8,0.00112
138,LigParGen/SM28/SM28/FEP/water/VDW/0050/,49999.8,0.00118
139,LigParGen/SM28/SM28/FEP/water/VDW/0100/,49999.8,0.0010199999999999999
140,LigParGen/SM28/SM28/FEP/water/VDW/0200/,49999.8,0.0022
141,LigParGen/SM28/SM28/FEP/water/VDW/0300/,49999.8,0.00038
142,LigParGen/SM28/SM28/FEP/water/VDW/0400/,49999.8,0.00238
143,LigParGen/SM28/SM28/FEP/water/VDW/0500/,49999.8,0.024640000000000002
144,LigParGen/SM28/SM28/FEP/water/VDW/0600/,49999.8,0.01468
145,LigParGen/SM28/SM28/FEP/water/VDW/0650/,49999.8,0.04184
146,LigParGen/SM28/SM28/FEP/water/VDW/0700/,49999.8,0.09114
147,LigParGen/SM28/SM28/FEP/water/VDW/0750/,49999.8,0.15325999999999998
148,LigParGen/SM28/SM28/FEP/water/VDW/0800/,49999.8,0.0662
149,LigParGen/SM28/SM28/FEP/water/VDW/0850/,49999.8,0.009119999999999998
150,LigParGen/SM28/SM28/FEP/water/VDW/0900/,49999.8,0.0037600000000000003
151,LigParGen/SM28/SM28/FEP/water/VDW/0950/,49999.8,0.00206
152,LigParGen/SM28/SM28/FEP/water/VDW/1000/,49999.8,0.0018
153,LigParGen/SM28/SM28/FEP/octanol/Coulomb/0000/,150000.1,0.8896074026173159
154,LigParGen/SM28/SM28/FEP/octanol/Coulomb/0125/,150000.1,0.5341764388237411
155,LigParGen/SM28/SM28/FEP/octanol/Coulomb/0250/,150000.1,0.6538423077179485
156,LigParGen/SM28/SM28/FEP/octanol/Coulomb/0375/,150000.1,0.12631249125005833
157,LigParGen/SM28/SM28/FEP/octanol/Coulomb/0500/,150000.1,0.09097272684848767
158,LigParGen/SM28/SM28/FEP/octanol/Coulomb/0750/,150000.1,0.01744655035633096
159,LigParGen/SM28/SM28/FEP/octanol/Coulomb/1000/,150000.1,0.020919860534263104
160,LigParGen/SM28/SM28/FEP/octanol/VDW/0000/,150000.1,0.01027993146712355
161,LigParGen/SM28/SM28/FEP/octanol/VDW/0050/,150000.1,0.014426570489530069
162,LigParGen/SM28/SM28/FEP/octanol/VDW/0100/,150000.1,0.01618655875627496
163,LigParGen/SM28/SM28/FEP/octanol/VDW/0200/,150000.1,0.003219978533476444
164,LigParGen/SM28/SM28/FEP/octanol/VDW/0300/,150000.1,0.0020799861334257768
165,LigParGen/SM28/SM28/FEP/octanol/VDW/0400/,150000.1,0.011159925600495998
166,LigParGen/SM28/SM28/FEP/octanol/VDW/0500/,150000.1,0.004246638355744296
167,LigParGen/SM28/SM28/FEP/octanol/VDW/0600/,150000.1,0.028093146045693032
168,LigParGen/SM28/SM28/FEP/octanol/VDW/0650/,150000.1,0.04243305044633036
169,LigParGen/SM28/SM28/FEP/octanol/VDW/0700/,150000.1,0.02265984893434044
170,LigParGen/SM28/SM28/FEP/octanol/VDW/0750/,150000.1,0.02036653088979407
171,LigParGen/SM28/SM28/FEP/octanol/VDW/0800/,150000.1,0.13812574582836112
172,LigParGen/SM28/SM28/FEP/octanol/VDW/0850/,150000.1,0.09069939533736443
173,LigParGen/SM28/SM28/FEP/octanol/VDW/0900/,150000.1,0.0666795554696302
174,LigParGen/SM28/SM28/FEP/octanol/VDW/0950/,150000.1,0.009319937867080888
175,LigParGen/SM28/SM28/FEP/octanol/VDW/1000/,150000.1,0.011646589022739849
176,LigParGen/SM29/SM29/FEP/water/Coulomb/0000/,49999.8,0.6072
177,LigParGen/SM29/SM29/FEP/water/Coulomb/0250/,49999.8,0.04402
178,LigParGen/SM29/SM29/FEP/water/Coulomb/0500/,49999.8,0.10515999999999999
179,LigParGen/SM29/SM29/FEP/water/Coulomb/0750/,49999.8,0.01238
180,LigParGen/SM29/SM29/FEP/water/Coulomb/1000/,49999.8,0.012439999999999998
181,LigParGen/SM29/SM29/FEP/water/VDW/0000/,49999.8,0.00118
182,LigParGen/SM29/SM29/FEP/water/VDW/0050/,49999.8,0.0010999999999999998
183,LigParGen/SM29/SM29/FEP/water/VDW/0100/,49999.8,0.004979999999999999
184,LigParGen/SM29/SM29/FEP/water/VDW/0200/,49999.8,0.0006799999999999999
185,LigParGen/SM29/SM29/FEP/water/VDW/0300/,49999.8,0.00466
186,LigParGen/SM29/SM29/FEP/water/VDW/0400/,49999.8,0.00264
187,LigParGen/SM29/SM29/FEP/water/VDW/0500/,49999.8,0.00688
188,LigParGen/SM29/SM29/FEP/water/VDW/0600/,49999.8,0.008779999999999998
189,LigParGen/SM29/SM29/FEP/water/VDW/0650/,49999.8,0.02646
190,LigParGen/SM29/SM29/FEP/water/VDW/0700/,49999.8,0.30688000000000004
191,LigParGen/SM29/SM29/FEP/water/VDW/0750/,49999.8,0.07296
192,LigParGen/SM29/SM29/FEP/water/VDW/0800/,49999.8,0.0462
193,LigParGen/SM29/SM29/FEP/water/VDW/0850/,49999.8,0.007599999999999998
194,LigParGen/SM29/SM29/FEP/water/VDW/0900/,49999.8,0.005719999999999999
195,LigParGen/SM29/SM29/FEP/water/VDW/0950/,49999.8,0.00232
196,LigParGen/SM29/SM29/FEP/water/VDW/1000/,49999.8,0.00122
197,LigParGen/SM29/SM29/FEP/octanol/Coulomb/0000/,150000.1,0.3472776848154346
198,LigParGen/SM29/SM29/FEP/octanol/Coulomb/0125/,150000.1,0.30571129525803165
199,LigParGen/SM29/SM29/FEP/octanol/Coulomb/0250/,150000.1,0.2279851467656882
200,LigParGen/SM29/SM29/FEP/octanol/Coulomb/0375/,150000.1,0.2751314991233392
201,LigParGen/SM29/SM29/FEP/octanol/Coulomb/0500/,150000.1,0.06857954280304797
202,LigParGen/SM29/SM29/FEP/octanol/Coulomb/0750/,150000.1,0.015519896534023109
203,LigParGen/SM29/SM29/FEP/octanol/Coulomb/1000/,150000.1,0.008339944400370664
204,LigParGen/SM29/SM29/FEP/octanol/VDW/0000/,150000.1,0.016093226045159698
205,LigParGen/SM29/SM29/FEP/octanol/VDW/0050/,150000.1,0.04797301351324325
206,LigParGen/SM29/SM29/FEP/octanol/VDW/0100/,150000.1,0.013986573422843849
207,LigParGen/SM29/SM29/FEP/octanol/VDW/0200/,150000.1,0.059366270891527385
208,LigParGen/SM29/SM29/FEP/octanol/VDW/0300/,150000.1,0.031806454623635835
209,LigParGen/SM29/SM29/FEP/octanol/VDW/0400/,150000.1,0.019253204978633483
210,LigParGen/SM29/SM29/FEP/octanol/VDW/0500/,150000.1,0.0884260771594856
211,LigParGen/SM29/SM29/FEP/octanol/VDW/0600/,150000.1,0.018006546623022514
212,LigParGen/SM29/SM29/FEP/octanol/VDW/0650/,150000.1,0.08231945120365862
213,LigParGen/SM29/SM29/FEP/octanol/VDW/0700/,150000.1,0.04772634849101006
214,LigParGen/SM29/SM29/FEP/octanol/VDW/0750/,150000.1,0.2461516923220512
215,LigParGen/SM29/SM29/FEP/octanol/VDW/0800/,150000.1,0.12786581422790513
216,LigParGen/SM29/SM29/FEP/octanol/VDW/0850/,150000.1,0.23721175192165386
217,LigParGen/SM29/SM29/FEP/octanol/VDW/0900/,150000.1,0.04584636102425984
218,LigParGen/SM29/SM29/FEP/octanol/VDW/0950/,150000.1,0.014799901333991106
219,LigParGen/SM29/SM29/FEP/octanol/VDW/1000/,150000.1,0.0026133159112272587
220,LigParGen/SM30/SM30/FEP/water/Coulomb/0000/,49999.8,0.7915
221,LigParGen/SM30/SM30/FEP/water/Coulomb/0250/,49999.8,0.34712
222,LigParGen/SM30/SM30/FEP/water/Coulomb/0500/,49999.8,0.43993999999999994
223,LigParGen/SM30/SM30/FEP/water/Coulomb/0750/,49999.8,0.054839999999999986
224,LigParGen/SM30/SM30/FEP/water/Coulomb/1000/,49999.8,0.0037600000000000003
225,LigParGen/SM30/SM30/FEP/water/VDW/0000/,49999.8,0.0005200000000000001
226,LigParGen/SM30/SM30/FEP/water/VDW/0050/,49999.8,0.00162
227,LigParGen/SM30/SM30/FEP/water/VDW/0100/,49999.8,0.0024
228,LigParGen/SM30/SM30/FEP/water/VDW/0200/,49999.8,0.00066
229,LigParGen/SM30/SM30/FEP/water/VDW/0300/,49999.8,0.004039999999999999
230,LigParGen/SM30/SM30/FEP/water/VDW/0400/,49999.8,0.00424
231,LigParGen/SM30/SM30/FEP/water/VDW/0500/,49999.8,0.007579999999999998
232,LigParGen/SM30/SM30/FEP/water/VDW/0600/,49999.8,0.00748
233,LigParGen/SM30/SM30/FEP/water/VDW/0650/,49999.8,0.07756
234,LigParGen/SM30/SM30/FEP/water/VDW/0700/,49999.8,0.1883
235,LigParGen/SM30/SM30/FEP/water/VDW/0750/,49999.8,0.05344
236,LigParGen/SM30/SM30/FEP/water/VDW/0800/,49999.8,0.10888
237,LigParGen/SM30/SM30/FEP/water/VDW/0850/,49999.8,0.06752000000000001
238,LigParGen/SM30/SM30/FEP/water/VDW/0900/,49999.8,0.00222
239,LigParGen/SM30/SM30/FEP/water/VDW/0950/,49999.8,0.00196
240,LigParGen/SM30/SM30/FEP/water/VDW/1000/,49999.8,0.00144
241,LigParGen/SM30/SM30/FEP/octanol/Coulomb/0000/,150000.1,0.4292904713968574
242,LigParGen/SM30/SM30/FEP/octanol/Coulomb/0125/,150000.1,0.7380150798994672
243,LigParGen/SM30/SM30/FEP/octanol/Coulomb/0250/,150000.1,0.5273498176678821
244,LigParGen/SM30/SM30/FEP/octanol/Coulomb/0375/,150000.1,0.5209165272231518
245,LigParGen/SM30/SM30/FEP/octanol/Coulomb/0500/,150000.1,0.08991273391510722
246,LigParGen/SM30/SM30/FEP/octanol/Coulomb/0750/,150000.1,0.028646475690162067
247,LigParGen/SM30/SM30/FEP/octanol/Coulomb/1000/,150000.1,0.0066932887114085895
248,LigParGen/SM30/SM30/FEP/octanol/VDW/0000/,150000.1,0.014253238311744588
249,LigParGen/SM30/SM30/FEP/octanol/VDW/0050/,150000.1,0.002679982133452444
250,LigParGen/SM30/SM30/FEP/octanol/VDW/0100/,150000.1,0.05330631129125806
251,LigParGen/SM30/SM30/FEP/octanol/VDW/0200/,150000.1,0.04649302337984414
252,LigParGen/SM30/SM30/FEP/octanol/VDW/0300/,150000.1,0.014299904667302219
253,LigParGen/SM30/SM30/FEP/octanol/VDW/0400/,150000.1,0.007993280044799702
254,LigParGen/SM30/SM30/FEP/octanol/VDW/0500/,150000.1,0.009726601822654515
255,LigParGen/SM30/SM30/FEP/octanol/VDW/0600/,100000.1,0.013989860101398986
256,LigParGen/SM30/SM30/FEP/octanol/VDW/0650/,100000.1,0.04363956360436396
257,LigParGen/SM30/SM30/FEP/octanol/VDW/0700/,150000.1,0.08042613049246337
258,LigParGen/SM30/SM30/FEP/octanol/VDW/0750/,150000.1,0.06800621329191138
259,LigParGen/SM30/SM30/FEP/octanol/VDW/0800/,150000.1,0.12721248525009832
260,LigParGen/SM30/SM30/FEP/octanol/VDW/0850/,150000.1,0.4370037533083113
261,LigParGen/SM30/SM30/FEP/octanol/VDW/0900/,150000.1,0.10490596729355137
262,LigParGen/SM30/SM30/FEP/octanol/VDW/0950/,150000.1,0.05447963680242132
263,LigParGen/SM30/SM30/FEP/octanol/VDW/1000/,150000.1,0.006253291644722368
264,LigParGen/SM31/SM31/FEP/water/Coulomb/0000/,49999.8,0.8553999999999999
265,LigParGen/SM31/SM31/FEP/water/Coulomb/0250/,49999.8,0.0052
266,LigParGen/SM31/SM31/FEP/water/Coulomb/0500/,49999.8,0.2208
267,LigParGen/SM31/SM31/FEP/water/Coulomb/0750/,4342.2,0.04006447156343541
268,LigParGen/SM31/SM31/FEP/water/Coulomb/1000/,5289.0,0.04159576479485725
269,LigParGen/SM31/SM31/FEP/water/VDW/0000/,3012.2,0.005974112180550947
270,LigParGen/SM31/SM31/FEP/water/VDW/0050/,1884.6,0.03554376657824933
271,LigParGen/SM31/SM31/FEP/water/VDW/0100/,2008.2,0.11796913887506222
272,LigParGen/SM31/SM31/FEP/water/VDW/0200/,3610.2,0.02076986984214899
273,LigParGen/SM31/SM31/FEP/water/VDW/0300/,4166.5,0.029997600191984636
274,LigParGen/SM31/SM31/FEP/water/VDW/0400/,1160.4,0.030146425495262707
275,LigParGen/SM31/SM31/FEP/water/VDW/0500/,1421.4,0.16736990154711673
276,LigParGen/SM31/SM31/FEP/water/VDW/0600/,581.3,0.3367697594501718
277,LigParGen/SM31/SM31/FEP/water/VDW/0650/,3001.4,0.3897401732178548
278,LigParGen/SM31/SM31/FEP/water/VDW/0700/,1645.8,0.445321992709599
279,LigParGen/SM31/SM31/FEP/water/VDW/0750/,1092.5,0.6093321134492223
280,LigParGen/SM31/SM31/FEP/water/VDW/0800/,2002.2,0.6375436844732901
281,LigParGen/SM31/SM31/FEP/water/VDW/0850/,1915.6,0.3815240083507308
282,LigParGen/SM31/SM31/FEP/water/VDW/0900/,1123.6,0.11743772241992882
283,LigParGen/SM31/SM31/FEP/water/VDW/0950/,2072.4,0.08490110950313554
284,LigParGen/SM31/SM31/FEP/water/VDW/1000/,1621.8,0.020961775585696674
285,LigParGen/SM31/SM31/FEP/octanol/Coulomb/0000/,100000.1,0.8039719602803972
286,LigParGen/SM31/SM31/FEP/octanol/Coulomb/0125/,103684.4,0.832839851473212
287,LigParGen/SM31/SM31/FEP/octanol/Coulomb/0250/,4629.1,0.9451403887688984
288,LigParGen/SM31/SM31/FEP/octanol/Coulomb/0375/,2634.0,0.950645406226272
289,LigParGen/SM31/SM31/FEP/octanol/Coulomb/0500/,860.4,0.89198606271777
290,LigParGen/SM31/SM31/FEP/octanol/Coulomb/0750/,523.7,0.8416030534351145
291,LigParGen/SM31/SM31/FEP/octanol/Coulomb/1000/,70.5,0.4929577464788733
292,LigParGen/SM31/SM31/FEP/octanol/VDW/0000/,501.7,0.7111553784860558
293,LigParGen/SM31/SM31/FEP/octanol/VDW/0050/,632.4,0.296998420221169
294,LigParGen/SM31/SM31/FEP/octanol/VDW/0100/,385.3,0.6165803108808291
295,LigParGen/SM31/SM31/FEP/octanol/VDW/0200/,1061.6,0.4717514124293785
296,LigParGen/SM31/SM31/FEP/octanol/VDW/0300/,479.9,0.33541666666666664
297,LigParGen/SM31/SM31/FEP/octanol/VDW/0400/,358.5,0.35376044568245124
298,LigParGen/SM31/SM31/FEP/octanol/VDW/0500/,8.9,0.6666666666666667
299,LigParGen/SM31/SM31/FEP/octanol/VDW/0600/,628.8,0.8505564387917329
300,LigParGen/SM31/SM31/FEP/octanol/VDW/0650/,1015.4,0.7952755905511811
301,LigParGen/SM31/SM31/FEP/octanol/VDW/0700/,4.5,1.0
302,LigParGen/SM31/SM31/FEP/octanol/VDW/0750/,356.1,0.8011204481792717
303,LigParGen/SM31/SM31/FEP/octanol/VDW/0800/,8.1,0.8888888888888888
304,LigParGen/SM31/SM31/FEP/octanol/VDW/0850/,32.9,0.9696969696969696
305,LigParGen/SM31/SM31/FEP/octanol/VDW/0900/,693.5,0.9438040345821326
306,LigParGen/SM31/SM31/FEP/octanol/VDW/0950/,4262.4,0.3209007741027445
307,LigParGen/SM31/SM31/FEP/octanol/VDW/1000/,2.1,0.6666666666666667
308,LigParGen/SM32/SM32/FEP/water/Coulomb/0000/,49999.8,0.43733999999999995
309,LigParGen/SM32/SM32/FEP/water/Coulomb/0250/,49999.8,0.02164
310,LigParGen/SM32/SM32/FEP/water/Coulomb/0500/,49999.8,0.0602
311,LigParGen/SM32/SM32/FEP/water/Coulomb/0750/,49999.8,0.4156
312,LigParGen/SM32/SM32/FEP/water/Coulomb/1000/,49999.8,0.18798
313,LigParGen/SM32/SM32/FEP/water/VDW/0000/,49999.8,0.00316
314,LigParGen/SM32/SM32/FEP/water/VDW/0050/,49999.8,0.0010199999999999999
315,LigParGen/SM32/SM32/FEP/water/VDW/0100/,49999.8,0.00266
316,LigParGen/SM32/SM32/FEP/water/VDW/0200/,49999.8,0.0007999999999999999
317,LigParGen/SM32/SM32/FEP/water/VDW/0300/,49999.8,0.006979999999999999
318,LigParGen/SM32/SM32/FEP/water/VDW/0400/,49999.8,0.004359999999999999
319,LigParGen/SM32/SM32/FEP/water/VDW/0500/,49999.8,0.013239999999999998
320,LigParGen/SM32/SM32/FEP/water/VDW/0600/,49999.8,0.025319999999999995
321,LigParGen/SM32/SM32/FEP/water/VDW/0650/,49999.8,0.010639999999999998
322,LigParGen/SM32/SM32/FEP/water/VDW/0700/,49999.8,0.044639999999999985
323,LigParGen/SM32/SM32/FEP/water/VDW/0750/,49999.8,0.14065999999999998
324,LigParGen/SM32/SM32/FEP/water/VDW/0800/,49999.8,0.057559999999999986
325,LigParGen/SM32/SM32/FEP/water/VDW/0850/,49999.8,0.0136
326,LigParGen/SM32/SM32/FEP/water/VDW/0900/,49999.8,0.009619999999999998
327,LigParGen/SM32/SM32/FEP/water/VDW/0950/,49999.8,0.0024
328,LigParGen/SM32/SM32/FEP/water/VDW/1000/,49999.8,0.0015400000000000001
329,LigParGen/SM32/SM32/FEP/octanol/Coulomb/0000/,100000.1,0.6056039439605604
330,LigParGen/SM32/SM32/FEP/octanol/Coulomb/0125/,100000.1,0.6357936420635794
331,LigParGen/SM32/SM32/FEP/octanol/Coulomb/0250/,100000.1,0.6310536894631054
332,LigParGen/SM32/SM32/FEP/octanol/Coulomb/0375/,100000.1,0.3441265587344127
333,LigParGen/SM32/SM32/FEP/octanol/Coulomb/0500/,100000.1,0.2310076899231008
334,LigParGen/SM32/SM32/FEP/octanol/Coulomb/0750/,100000.1,0.14050859491405088
335,LigParGen/SM32/SM32/FEP/octanol/Coulomb/1000/,100000.1,0.08909910900890992
336,LigParGen/SM32/SM32/FEP/octanol/VDW/0000/,100000.1,0.013369866301336988
337,LigParGen/SM32/SM32/FEP/octanol/VDW/0050/,100000.1,0.15509844901550987
338,LigParGen/SM32/SM32/FEP/octanol/VDW/0100/,100000.1,0.024809751902480973
339,LigParGen/SM32/SM32/FEP/octanol/VDW/0200/,100000.1,0.03238967610323897
340,LigParGen/SM32/SM32/FEP/octanol/VDW/0300/,100000.1,0.016499835001649987
341,LigParGen/SM32/SM32/FEP/octanol/VDW/0400/,100000.1,0.03256967430325697
342,LigParGen/SM32/SM32/FEP/octanol/VDW/0500/,100000.1,0.008369916300836992
343,LigParGen/SM32/SM32/FEP/octanol/VDW/0600/,100000.1,0.14179858201417986
344,LigParGen/SM32/SM32/FEP/octanol/VDW/0650/,100000.1,0.011469885301146987
345,LigParGen/SM32/SM32/FEP/octanol/VDW/0700/,100000.1,0.06135938640613595
346,LigParGen/SM32/SM32/FEP/octanol/VDW/0750/,100000.1,0.12425875741242587
347,LigParGen/SM32/SM32/FEP/octanol/VDW/0800/,100000.1,0.4122358776412236
348,LigParGen/SM32/SM32/FEP/octanol/VDW/0850/,100000.1,0.2657073429265708
349,LigParGen/SM32/SM32/FEP/octanol/VDW/0900/,100000.1,0.2053879461205388
350,LigParGen/SM32/SM32/FEP/octanol/VDW/0950/,100000.1,0.014229857701422988
351,LigParGen/SM32/SM32/FEP/octanol/VDW/1000/,100000.1,0.011519884801151988
352,LigParGen/SM33/SM33/FEP/water/Coulomb/0000/,49999.8,0.0027
353,LigParGen/SM33/SM33/FEP/water/Coulomb/0250/,49999.8,0.07103999999999999
354,LigParGen/SM33/SM33/FEP/water/Coulomb/0500/,49999.8,0.45913999999999994
355,LigParGen/SM33/SM33/FEP/water/Coulomb/0750/,49999.8,0.056239999999999984
356,LigParGen/SM33/SM33/FEP/water/Coulomb/1000/,49999.8,0.009679999999999998
357,LigParGen/SM33/SM33/FEP/water/VDW/0000/,49999.8,0.00354
358,LigParGen/SM33/SM33/FEP/water/VDW/0050/,49999.8,0.00164
359,LigParGen/SM33/SM33/FEP/water/VDW/0100/,49999.8,0.00248
360,LigParGen/SM33/SM33/FEP/water/VDW/0200/,49999.8,0.0030600000000000002
361,LigParGen/SM33/SM33/FEP/water/VDW/0300/,49999.8,0.00444
362,LigParGen/SM33/SM33/FEP/water/VDW/0400/,49999.8,0.00558
363,LigParGen/SM33/SM33/FEP/water/VDW/0500/,49999.8,0.016919999999999998
364,LigParGen/SM33/SM33/FEP/water/VDW/0600/,49999.8,0.0509
365,LigParGen/SM33/SM33/FEP/water/VDW/0650/,49999.8,0.059599999999999986
366,LigParGen/SM33/SM33/FEP/water/VDW/0700/,49999.8,0.21268
367,LigParGen/SM33/SM33/FEP/water/VDW/0750/,49999.8,0.16835999999999998
368,LigParGen/SM33/SM33/FEP/water/VDW/0800/,49999.8,0.041559999999999986
369,LigParGen/SM33/SM33/FEP/water/VDW/0850/,49999.8,0.02422
370,LigParGen/SM33/SM33/FEP/water/VDW/0900/,49999.8,0.012779999999999998
371,LigParGen/SM33/SM33/FEP/water/VDW/0950/,49999.8,0.00394
372,LigParGen/SM33/SM33/FEP/water/VDW/1000/,49999.8,0.00304
373,LigParGen/SM33/SM33/FEP/octanol/Coulomb/0000/,94110.0,0.2755392625650834
374,LigParGen/SM33/SM33/FEP/octanol/Coulomb/0125/,91953.2,0.5904147726036931
375,LigParGen/SM33/SM33/FEP/octanol/Coulomb/0250/,93807.8,0.41153206549548016
376,LigParGen/SM33/SM33/FEP/octanol/Coulomb/0375/,91763.8,0.7563641515191142
377,LigParGen/SM33/SM33/FEP/octanol/Coulomb/0500/,89501.8,0.3654666934817099
378,LigParGen/SM33/SM33/FEP/octanol/Coulomb/0750/,94142.8,0.08149304781024612
379,LigParGen/SM33/SM33/FEP/octanol/Coulomb/1000/,93744.8,0.012299322630540295
380,LigParGen/SM33/SM33/FEP/octanol/VDW/0000/,100000.0,0.047520000000000014
381,LigParGen/SM33/SM33/FEP/octanol/VDW/0050/,100000.0,0.06296
382,LigParGen/SM33/SM33/FEP/octanol/VDW/0100/,100000.0,0.02985
383,LigParGen/SM33/SM33/FEP/octanol/VDW/0200/,98464.4,0.01097852028639618
384,LigParGen/SM33/SM33/FEP/octanol/VDW/0300/,99999.8,0.02851
385,LigParGen/SM33/SM33/FEP/octanol/VDW/0400/,100000.0,0.015319999999999999
386,LigParGen/SM33/SM33/FEP/octanol/VDW/0500/,99684.2,0.01401414455534935
387,LigParGen/SM33/SM33/FEP/octanol/VDW/0600/,99999.8,0.043510000000000014
388,LigParGen/SM33/SM33/FEP/octanol/VDW/0650/,100000.0,0.033780000000000004
389,LigParGen/SM33/SM33/FEP/octanol/VDW/0700/,99999.8,0.043940000000000014
390,LigParGen/SM33/SM33/FEP/octanol/VDW/0750/,100000.0,0.052830000000000016
391,LigParGen/SM33/SM33/FEP/octanol/VDW/0800/,98201.8,0.132196900266797
392,LigParGen/SM33/SM33/FEP/octanol/VDW/0850/,87692.8,0.16089083507235472
393,LigParGen/SM33/SM33/FEP/octanol/VDW/0900/,100000.0,0.13083000000000006
394,LigParGen/SM33/SM33/FEP/octanol/VDW/0950/,99345.4,0.03792804944335957
395,LigParGen/SM33/SM33/FEP/octanol/VDW/1000/,99999.8,0.018019999999999998
396,LigParGen/SM34/SM34/FEP/water/Coulomb/0000/,49999.8,0.89718
397,LigParGen/SM34/SM34/FEP/water/Coulomb/0250/,49999.8,0.004699999999999999
398,LigParGen/SM34/SM34/FEP/water/Coulomb/0500/,49999.8,0.17292000000000002
399,LigParGen/SM34/SM34/FEP/water/Coulomb/0750/,618.6,0.4765751211631664
400,LigParGen/SM34/SM34/FEP/water/Coulomb/1000/,2051.2,0.13157894736842107
401,LigParGen/SM34/SM34/FEP/water/VDW/0000/,2588.6,0.005407493240633447
402,LigParGen/SM34/SM34/FEP/water/VDW/0050/,2712.5,0.02432731293770733
403,LigParGen/SM34/SM34/FEP/water/VDW/0100/,1548.8,0.04454486765655262
404,LigParGen/SM34/SM34/FEP/water/VDW/0200/,1544.4,0.056310679611650476
405,LigParGen/SM34/SM34/FEP/water/VDW/0300/,8202.8,0.02206509813482872
406,LigParGen/SM34/SM34/FEP/water/VDW/0400/,10178.8,0.02053246880833088
407,LigParGen/SM34/SM34/FEP/water/VDW/0500/,3186.2,0.08628804518355823
408,LigParGen/SM34/SM34/FEP/water/VDW/0600/,1772.4,0.4258319232938523
409,LigParGen/SM34/SM34/FEP/water/VDW/0650/,2422.4,0.5402393726784978
410,LigParGen/SM34/SM34/FEP/water/VDW/0700/,2656.0,0.6844879518072289
411,LigParGen/SM34/SM34/FEP/water/VDW/0750/,102.9,0.9805825242718448
412,LigParGen/SM34/SM34/FEP/water/VDW/0800/,3231.4,0.6429455445544554
413,LigParGen/SM34/SM34/FEP/water/VDW/0850/,610.6,0.4566284779050737
414,LigParGen/SM34/SM34/FEP/water/VDW/0900/,427.7,0.6378504672897196
415,LigParGen/SM34/SM34/FEP/water/VDW/0950/,3551.2,0.01773648648648649
416,LigParGen/SM34/SM34/FEP/water/VDW/1000/,2204.2,0.04126984126984127
417,LigParGen/SM34/SM34/FEP/octanol/Coulomb/0000/,100000.1,0.5909940900590994
418,LigParGen/SM34/SM34/FEP/octanol/Coulomb/0125/,100000.1,0.5863741362586374
419,LigParGen/SM34/SM34/FEP/octanol/Coulomb/0250/,39204.0,0.6040455055606571
420,LigParGen/SM34/SM34/FEP/octanol/Coulomb/0375/,10348.7,0.8436563919219248
421,LigParGen/SM34/SM34/FEP/octanol/Coulomb/0500/,3637.2,0.820505772402419
422,LigParGen/SM34/SM34/FEP/octanol/Coulomb/0750/,3048.8,0.7379468678255166
423,LigParGen/SM34/SM34/FEP/octanol/Coulomb/1000/,1766.0,0.6245753114382786
424,LigParGen/SM34/SM34/FEP/octanol/VDW/0000/,2444.9,0.4552147239263804
425,LigParGen/SM34/SM34/FEP/octanol/VDW/0050/,2354.1,0.3303609341825903
426,LigParGen/SM34/SM34/FEP/octanol/VDW/0100/,5189.9,0.3766859344894027
427,LigParGen/SM34/SM34/FEP/octanol/VDW/0200/,795.1,0.464824120603015
428,LigParGen/SM34/SM34/FEP/octanol/VDW/0300/,471.4,0.3707627118644068
429,LigParGen/SM34/SM34/FEP/octanol/VDW/0400/,451.6,0.3517699115044248
430,LigParGen/SM34/SM34/FEP/octanol/VDW/0500/,360.1,0.3102493074792244
431,LigParGen/SM34/SM34/FEP/octanol/VDW/0600/,507.3,0.8720472440944882
432,LigParGen/SM34/SM34/FEP/octanol/VDW/0650/,1447.9,0.8259668508287293
433,LigParGen/SM34/SM34/FEP/octanol/VDW/0700/,122.5,0.934959349593496
434,LigParGen/SM34/SM34/FEP/octanol/VDW/0750/,541.7,0.8579335793357933
435,LigParGen/SM34/SM34/FEP/octanol/VDW/0800/,458.8,0.7124183006535947
436,LigParGen/SM34/SM34/FEP/octanol/VDW/0850/,689.8,0.9710144927536232
437,LigParGen/SM34/SM34/FEP/octanol/VDW/0900/,504.5,0.9445544554455446
438,LigParGen/SM34/SM34/FEP/octanol/VDW/0950/,1032.0,0.5591085271317829
439,LigParGen/SM34/SM34/FEP/octanol/VDW/1000/,296.5,0.6531986531986531
440,LigParGen/SM35/SM35/FEP/water/Coulomb/0000/,49999.8,0.09222000000000001
441,LigParGen/SM35/SM35/FEP/water/Coulomb/0250/,49999.8,0.22528
442,LigParGen/SM35/SM35/FEP/water/Coulomb/0500/,49999.8,0.24926
443,LigParGen/SM35/SM35/FEP/water/Coulomb/0750/,49999.8,0.16693999999999998
444,LigParGen/SM35/SM35/FEP/water/Coulomb/1000/,49999.8,0.0437
445,LigParGen/SM35/SM35/FEP/water/VDW/0000/,49999.8,0.00096
446,LigParGen/SM35/SM35/FEP/water/VDW/0050/,49999.8,0.00048
447,LigParGen/SM35/SM35/FEP/water/VDW/0100/,49999.8,0.0007199999999999999
448,LigParGen/SM35/SM35/FEP/water/VDW/0200/,49999.8,0.00114
449,LigParGen/SM35/SM35/FEP/water/VDW/0300/,49999.8,0.002
450,LigParGen/SM35/SM35/FEP/water/VDW/0400/,49999.8,0.0010999999999999998
451,LigParGen/SM35/SM35/FEP/water/VDW/0500/,49999.8,0.009579999999999998
452,LigParGen/SM35/SM35/FEP/water/VDW/0600/,49999.8,0.033699999999999994
453,LigParGen/SM35/SM35/FEP/water/VDW/0650/,49999.8,0.02162
454,LigParGen/SM35/SM35/FEP/water/VDW/0700/,49999.8,0.10334000000000002
455,LigParGen/SM35/SM35/FEP/water/VDW/0750/,49999.8,0.38728
456,LigParGen/SM35/SM35/FEP/water/VDW/0800/,49999.8,0.048899999999999985
457,LigParGen/SM35/SM35/FEP/water/VDW/0850/,49999.8,0.011939999999999996
458,LigParGen/SM35/SM35/FEP/water/VDW/0900/,49999.8,0.0022600000000000003
459,LigParGen/SM35/SM35/FEP/water/VDW/0950/,49999.8,0.00114
460,LigParGen/SM35/SM35/FEP/water/VDW/1000/,49999.8,0.00286
461,LigParGen/SM35/SM35/FEP/octanol/Coulomb/0000/,100000.1,0.7127428725712743
462,LigParGen/SM35/SM35/FEP/octanol/Coulomb/0125/,100000.1,0.7869621303786962
463,LigParGen/SM35/SM35/FEP/octanol/Coulomb/0250/,100000.1,0.6264037359626403
464,LigParGen/SM35/SM35/FEP/octanol/Coulomb/0375/,100000.1,0.7399826001739983
465,LigParGen/SM35/SM35/FEP/octanol/Coulomb/0500/,100000.1,0.4007559924400757
466,LigParGen/SM35/SM35/FEP/octanol/Coulomb/0750/,100000.1,0.16456835431645686
467,LigParGen/SM35/SM35/FEP/octanol/Coulomb/1000/,100000.1,0.08441915580844192
468,LigParGen/SM35/SM35/FEP/octanol/VDW/0000/,100000.1,0.0061299387006129935
469,LigParGen/SM35/SM35/FEP/octanol/VDW/0050/,100000.1,0.03521964780352197
470,LigParGen/SM35/SM35/FEP/octanol/VDW/0100/,100000.1,0.019359806401935985
471,LigParGen/SM35/SM35/FEP/octanol/VDW/0200/,100000.1,0.036269637303626964
472,LigParGen/SM35/SM35/FEP/octanol/VDW/0300/,100000.1,0.004289957100428996
473,LigParGen/SM35/SM35/FEP/octanol/VDW/0400/,100000.1,0.03896961030389697
474,LigParGen/SM35/SM35/FEP/octanol/VDW/0500/,100000.1,0.011399886001139987
475,LigParGen/SM35/SM35/FEP/octanol/VDW/0600/,100000.1,0.012009879901200988
476,LigParGen/SM35/SM35/FEP/octanol/VDW/0650/,100000.1,0.010889891101088987
477,LigParGen/SM35/SM35/FEP/octanol/VDW/0700/,100000.1,0.1122888771112289
478,LigParGen/SM35/SM35/FEP/octanol/VDW/0750/,100000.1,0.1986780132198678
479,LigParGen/SM35/SM35/FEP/octanol/VDW/0800/,100000.1,0.12501874981250188
480,LigParGen/SM35/SM35/FEP/octanol/VDW/0850/,100000.1,0.2586374136258638
481,LigParGen/SM35/SM35/FEP/octanol/VDW/0900/,100000.1,0.08539914600853993
482,LigParGen/SM35/SM35/FEP/octanol/VDW/0950/,100000.1,0.017089829101708986
483,LigParGen/SM35/SM35/FEP/octanol/VDW/1000/,100000.1,0.007889921100788991
484,LigParGen/SM36/SM36/FEP/water/Coulomb/0000/,49999.8,0.13462000000000002
485,LigParGen/SM36/SM36/FEP/water/Coulomb/0250/,49999.8,0.78914
486,LigParGen/SM36/SM36/FEP/water/Coulomb/0500/,49999.8,0.76018
487,LigParGen/SM36/SM36/FEP/water/Coulomb/0750/,49999.8,0.6255999999999999
488,LigParGen/SM36/SM36/FEP/water/Coulomb/1000/,49999.8,0.40858
489,LigParGen/SM36/SM36/FEP/water/VDW/0000/,49999.8,0.0010999999999999998
490,LigParGen/SM36/SM36/FEP/water/VDW/0050/,49999.8,0.0008799999999999998
491,LigParGen/SM36/SM36/FEP/water/VDW/0100/,49999.8,0.00134
492,LigParGen/SM36/SM36/FEP/water/VDW/0200/,49999.8,0.0016600000000000002
493,LigParGen/SM36/SM36/FEP/water/VDW/0300/,49999.8,0.00238
494,LigParGen/SM36/SM36/FEP/water/VDW/0400/,49999.8,0.002
495,LigParGen/SM36/SM36/FEP/water/VDW/0500/,49999.8,0.00292
496,LigParGen/SM36/SM36/FEP/water/VDW/0600/,49999.8,0.06577999999999999
497,LigParGen/SM36/SM36/FEP/water/VDW/0650/,49999.8,0.013959999999999998
498,LigParGen/SM36/SM36/FEP/water/VDW/0700/,49999.8,0.17916
499,LigParGen/SM36/SM36/FEP/water/VDW/0750/,49999.8,0.29138000000000003
500,LigParGen/SM36/SM36/FEP/water/VDW/0800/,49999.8,0.0416
501,LigParGen/SM36/SM36/FEP/water/VDW/0850/,49999.8,0.009499999999999998
502,LigParGen/SM36/SM36/FEP/water/VDW/0900/,49999.8,0.015839999999999996
503,LigParGen/SM36/SM36/FEP/water/VDW/0950/,49999.8,0.00354
504,LigParGen/SM36/SM36/FEP/water/VDW/1000/,49999.8,0.00032
505,LigParGen/SM36/SM36/FEP/octanol/Coulomb/0000/,100000.1,0.5692343076569234
506,LigParGen/SM36/SM36/FEP/octanol/Coulomb/0125/,100000.1,0.7197428025719743
507,LigParGen/SM36/SM36/FEP/octanol/Coulomb/0250/,100000.1,0.7383226167738323
508,LigParGen/SM36/SM36/FEP/octanol/Coulomb/0375/,100000.1,0.7031129688703113
509,LigParGen/SM36/SM36/FEP/octanol/Coulomb/0500/,100000.1,0.6853431465685343
510,LigParGen/SM36/SM36/FEP/octanol/Coulomb/0750/,100000.1,0.07638923610763892
511,LigParGen/SM36/SM36/FEP/octanol/Coulomb/1000/,100000.1,0.5440045599544004
512,LigParGen/SM36/SM36/FEP/octanol/VDW/0000/,100000.1,0.02691973080269197
513,LigParGen/SM36/SM36/FEP/octanol/VDW/0050/,100000.1,0.09658903410965892
514,LigParGen/SM36/SM36/FEP/octanol/VDW/0100/,100000.1,0.04206957930420696
515,LigParGen/SM36/SM36/FEP/octanol/VDW/0200/,100000.1,0.03250967490325097
516,LigParGen/SM36/SM36/FEP/octanol/VDW/0300/,100000.1,0.004269957300426996
517,LigParGen/SM36/SM36/FEP/octanol/VDW/0400/,100000.1,0.02776972230277697
518,LigParGen/SM36/SM36/FEP/octanol/VDW/0500/,100000.1,0.027229727702722976
519,LigParGen/SM36/SM36/FEP/octanol/VDW/0600/,100000.1,0.02178978210217898
520,LigParGen/SM36/SM36/FEP/octanol/VDW/0650/,100000.1,0.02050979490205098
521,LigParGen/SM36/SM36/FEP/octanol/VDW/0700/,100000.1,0.2943670563294367
522,LigParGen/SM36/SM36/FEP/octanol/VDW/0750/,100000.1,0.1092089079109209
523,LigParGen/SM36/SM36/FEP/octanol/VDW/0800/,100000.1,0.3284167158328417
524,LigParGen/SM36/SM36/FEP/octanol/VDW/0850/,100000.1,0.2016679833201668
525,LigParGen/SM36/SM36/FEP/octanol/VDW/0900/,100000.1,0.2795172048279517
526,LigParGen/SM36/SM36/FEP/octanol/VDW/0950/,100000.1,0.06742932570674294
527,LigParGen/SM36/SM36/FEP/octanol/VDW/1000/,100000.1,0.008119918800811992
528,LigParGen/SM37/SM37/FEP/water/Coulomb/0000/,49999.8,0.21328
529,LigParGen/SM37/SM37/FEP/water/Coulomb/0250/,49999.8,0.23412
530,LigParGen/SM37/SM37/FEP/water/Coulomb/0500/,13154.8,0.6209045990117825
531,LigParGen/SM37/SM37/FEP/water/Coulomb/0750/,1302.6,0.8234842670759785
532,LigParGen/SM37/SM37/FEP/water/Coulomb/1000/,905.2,0.858719646799117
533,LigParGen/SM37/SM37/FEP/water/VDW/0000/,96.5,0.1958762886597938
534,LigParGen/SM37/SM37/FEP/water/VDW/0050/,27.3,0.25
535,LigParGen/SM37/SM37/FEP/water/VDW/0100/,33.7,0.4705882352941176
536,LigParGen/SM37/SM37/FEP/water/VDW/0200/,262.5,0.28136882129277563
537,LigParGen/SM37/SM37/FEP/water/VDW/0300/,852.5,0.09613130128956623
538,LigParGen/SM37/SM37/FEP/water/VDW/0400/,3.7,1.0
539,LigParGen/SM37/SM37/FEP/water/VDW/0500/,138.5,0.7697841726618705
540,LigParGen/SM37/SM37/FEP/water/VDW/0600/,5.7,0.8333333333333334
541,LigParGen/SM37/SM37/FEP/water/VDW/0650/,78.5,0.9493670886075948
542,LigParGen/SM37/SM37/FEP/water/VDW/0700/,1171.7,0.6860068259385665
543,LigParGen/SM37/SM37/FEP/water/VDW/0750/,350.1,0.8917378917378918
544,LigParGen/SM37/SM37/FEP/water/VDW/0800/,86.9,0.9885057471264368
545,LigParGen/SM37/SM37/FEP/water/VDW/0850/,208.1,0.9760765550239234
546,LigParGen/SM37/SM37/FEP/water/VDW/0900/,365.3,0.3497267759562841
547,LigParGen/SM37/SM37/FEP/water/VDW/0950/,59.7,0.9666666666666668
548,LigParGen/SM37/SM37/FEP/water/VDW/1000/,64.5,0.8615384615384616
549,LigParGen/SM37/SM37/FEP/octanol/Coulomb/0000/,97956.5,0.20220096572986107
550,LigParGen/SM37/SM37/FEP/octanol/Coulomb/0125/,100000.1,0.8136318636813632
551,LigParGen/SM37/SM37/FEP/octanol/Coulomb/0250/,69055.6,0.8526268535681187
552,LigParGen/SM37/SM37/FEP/octanol/Coulomb/0375/,23146.7,0.9528232600336975
553,LigParGen/SM37/SM37/FEP/octanol/Coulomb/0500/,5005.1,0.9083100279664402
554,LigParGen/SM37/SM37/FEP/octanol/Coulomb/0750/,2898.5,0.3318385650224215
555,LigParGen/SM37/SM37/FEP/octanol/Coulomb/1000/,137.7,0.8405797101449276
556,LigParGen/SM37/SM37/FEP/octanol/VDW/0000/,738.9,0.6211096075778079
557,LigParGen/SM37/SM37/FEP/octanol/VDW/0050/,16.5,0.8823529411764706
558,LigParGen/SM37/SM37/FEP/octanol/VDW/0100/,26.1,0.9259259259259259
559,LigParGen/SM37/SM37/FEP/octanol/VDW/0200/,352.9,0.8696883852691217
560,LigParGen/SM37/SM37/FEP/octanol/VDW/0300/,1.3,1.0
561,LigParGen/SM37/SM37/FEP/octanol/VDW/0400/,558.5,0.7638640429338104
562,LigParGen/SM37/SM37/FEP/octanol/VDW/0500/,232.1,0.7081545064377682
563,LigParGen/SM37/SM37/FEP/octanol/VDW/0600/,719.6,0.7527777777777778
564,LigParGen/SM37/SM37/FEP/octanol/VDW/0650/,13.7,0.9285714285714284
565,LigParGen/SM37/SM37/FEP/octanol/VDW/0700/,597.7,0.7625418060200668
566,LigParGen/SM37/SM37/FEP/octanol/VDW/0750/,137.7,0.9492753623188406
567,LigParGen/SM37/SM37/FEP/octanol/VDW/0800/,182.9,0.9781420765027322
568,LigParGen/SM37/SM37/FEP/octanol/VDW/0850/,780.1,0.9539052496798976
569,LigParGen/SM37/SM37/FEP/octanol/VDW/0900/,70.5,0.9718309859154929
570,LigParGen/SM37/SM37/FEP/octanol/VDW/0950/,258.1,0.9498069498069498
571,LigParGen/SM37/SM37/FEP/octanol/VDW/1000/,8.9,1.0
572,LigParGen/SM38/SM38/FEP/water/Coulomb/0000/,49999.8,0.02742
573,LigParGen/SM38/SM38/FEP/water/Coulomb/0250/,49999.8,0.39486
574,LigParGen/SM38/SM38/FEP/water/Coulomb/0500/,49999.8,0.4209
575,LigParGen/SM38/SM38/FEP/water/Coulomb/0750/,49999.8,0.42823999999999995
576,LigParGen/SM38/SM38/FEP/water/Coulomb/1000/,49999.8,0.21794
577,LigParGen/SM38/SM38/FEP/water/VDW/0000/,49999.8,0.00374
578,LigParGen/SM38/SM38/FEP/water/VDW/0050/,49999.8,0.009539999999999998
579,LigParGen/SM38/SM38/FEP/water/VDW/0100/,49999.8,0.00644
580,LigParGen/SM38/SM38/FEP/water/VDW/0200/,49999.8,0.011639999999999998
581,LigParGen/SM38/SM38/FEP/water/VDW/0300/,49999.8,0.009499999999999998
582,LigParGen/SM38/SM38/FEP/water/VDW/0400/,49999.8,0.00062
583,LigParGen/SM38/SM38/FEP/water/VDW/0500/,49999.8,0.0072
584,LigParGen/SM38/SM38/FEP/water/VDW/0600/,49999.8,0.018000000000000002
585,LigParGen/SM38/SM38/FEP/water/VDW/0650/,49999.8,0.03994
586,LigParGen/SM38/SM38/FEP/water/VDW/0700/,49999.8,0.06506
587,LigParGen/SM38/SM38/FEP/water/VDW/0750/,49999.8,0.21726
588,LigParGen/SM38/SM38/FEP/water/VDW/0800/,49999.8,0.06284000000000001
589,LigParGen/SM38/SM38/FEP/water/VDW/0850/,49999.8,0.017599999999999998
590,LigParGen/SM38/SM38/FEP/water/VDW/0900/,49999.8,0.011559999999999996
591,LigParGen/SM38/SM38/FEP/water/VDW/0950/,49999.8,0.0017800000000000001
592,LigParGen/SM38/SM38/FEP/water/VDW/1000/,49999.8,0.0008799999999999998
593,LigParGen/SM38/SM38/FEP/octanol/Coulomb/0000/,100000.1,0.4499555004449956
594,LigParGen/SM38/SM38/FEP/octanol/Coulomb/0125/,100000.1,0.3088169118308817
595,LigParGen/SM38/SM38/FEP/octanol/Coulomb/0250/,100000.1,0.7688023119768802
596,LigParGen/SM38/SM38/FEP/octanol/Coulomb/0375/,100000.1,0.3176368236317637
597,LigParGen/SM38/SM38/FEP/octanol/Coulomb/0500/,100000.1,0.6432235677643223
598,LigParGen/SM38/SM38/FEP/octanol/Coulomb/0750/,100000.1,0.4053959460405396
599,LigParGen/SM38/SM38/FEP/octanol/Coulomb/1000/,100000.1,0.3479565204347957
600,LigParGen/SM38/SM38/FEP/octanol/VDW/0000/,100000.1,0.12700872991270087
601,LigParGen/SM38/SM38/FEP/octanol/VDW/0050/,100000.1,0.2194278057219428
602,LigParGen/SM38/SM38/FEP/octanol/VDW/0100/,100000.1,0.04229957700422996
603,LigParGen/SM38/SM38/FEP/octanol/VDW/0200/,100000.1,0.07800921990780092
604,LigParGen/SM38/SM38/FEP/octanol/VDW/0300/,100000.1,0.02357976420235798
605,LigParGen/SM38/SM38/FEP/octanol/VDW/0400/,100000.1,0.09479905200947993
606,LigParGen/SM38/SM38/FEP/octanol/VDW/0500/,100000.1,0.06372936270637294
607,LigParGen/SM38/SM38/FEP/octanol/VDW/0600/,100000.1,0.015549844501554985
608,LigParGen/SM38/SM38/FEP/octanol/VDW/0650/,100000.1,0.07319926800731992
609,LigParGen/SM38/SM38/FEP/octanol/VDW/0700/,100000.1,0.06649933500664994
610,LigParGen/SM38/SM38/FEP/octanol/VDW/0750/,100000.1,0.07351926480735194
611,LigParGen/SM38/SM38/FEP/octanol/VDW/0800/,100000.1,0.28227717722822776
612,LigParGen/SM38/SM38/FEP/octanol/VDW/0850/,100000.1,0.3471965280347197
613,LigParGen/SM38/SM38/FEP/octanol/VDW/0900/,100000.1,0.1005289947100529
614,LigParGen/SM38/SM38/FEP/octanol/VDW/0950/,100000.1,0.03781962180378197
615,LigParGen/SM38/SM38/FEP/octanol/VDW/1000/,100000.1,0.027649723502764977
616,LigParGen/SM39/SM39/FEP/water/Coulomb/0000/,49999.8,0.011239999999999998
617,LigParGen/SM39/SM39/FEP/water/Coulomb/0250/,49999.8,0.16307999999999995
618,LigParGen/SM39/SM39/FEP/water/Coulomb/0500/,49999.8,0.30154000000000003
619,LigParGen/SM39/SM39/FEP/water/Coulomb/0750/,49999.8,0.23254
620,LigParGen/SM39/SM39/FEP/water/Coulomb/1000/,49999.8,0.38074
621,LigParGen/SM39/SM39/FEP/water/VDW/0000/,49999.8,0.00218
622,LigParGen/SM39/SM39/FEP/water/VDW/0050/,49999.8,0.0008799999999999998
623,LigParGen/SM39/SM39/FEP/water/VDW/0100/,49999.8,0.00032
624,LigParGen/SM39/SM39/FEP/water/VDW/0200/,49999.8,0.00454
625,LigParGen/SM39/SM39/FEP/water/VDW/0300/,49999.8,0.00352
626,LigParGen/SM39/SM39/FEP/water/VDW/0400/,49999.8,0.00448
627,LigParGen/SM39/SM39/FEP/water/VDW/0500/,49999.8,0.0073799999999999985
628,LigParGen/SM39/SM39/FEP/water/VDW/0600/,49999.8,0.033960000000000004
629,LigParGen/SM39/SM39/FEP/water/VDW/0650/,49999.8,0.02278
630,LigParGen/SM39/SM39/FEP/water/VDW/0700/,49999.8,0.30622
631,LigParGen/SM39/SM39/FEP/water/VDW/0750/,49999.8,0.3657
632,LigParGen/SM39/SM39/FEP/water/VDW/0800/,49999.8,0.037799999999999986
633,LigParGen/SM39/SM39/FEP/water/VDW/0850/,49999.8,0.07044
634,LigParGen/SM39/SM39/FEP/water/VDW/0900/,49999.8,0.00492
635,LigParGen/SM39/SM39/FEP/water/VDW/0950/,49999.8,0.0048
636,LigParGen/SM39/SM39/FEP/water/VDW/1000/,49999.8,0.00478
637,LigParGen/SM39/SM39/FEP/octanol/Coulomb/0000/,100000.1,0.4253057469425306
638,LigParGen/SM39/SM39/FEP/octanol/Coulomb/0125/,100000.1,0.6069239307606924
639,LigParGen/SM39/SM39/FEP/octanol/Coulomb/0250/,100000.1,0.3835261647383527
640,LigParGen/SM39/SM39/FEP/octanol/Coulomb/0375/,100000.1,0.6664333356666433
641,LigParGen/SM39/SM39/FEP/octanol/Coulomb/0500/,100000.1,0.5626343736562635
642,LigParGen/SM39/SM39/FEP/octanol/Coulomb/0750/,100000.1,0.2404875951240488
643,LigParGen/SM39/SM39/FEP/octanol/Coulomb/1000/,100000.1,0.17525824741752585
644,LigParGen/SM39/SM39/FEP/octanol/VDW/0000/,150000.1,0.011533256444957032
645,LigParGen/SM39/SM39/FEP/octanol/VDW/0050/,100000.1,0.038829611703882966
646,LigParGen/SM39/SM39/FEP/octanol/VDW/0100/,100000.1,0.04204957950420496
647,LigParGen/SM39/SM39/FEP/octanol/VDW/0200/,100000.1,0.04118958810411896
648,LigParGen/SM39/SM39/FEP/octanol/VDW/0300/,100000.1,0.0041699583004169965
649,LigParGen/SM39/SM39/FEP/octanol/VDW/0400/,100000.1,0.0029099709002909976
650,LigParGen/SM39/SM39/FEP/octanol/VDW/0500/,100000.1,0.046289537104628964
651,LigParGen/SM39/SM39/FEP/octanol/VDW/0600/,100000.1,0.1069889301106989
652,LigParGen/SM39/SM39/FEP/octanol/VDW/0650/,100000.1,0.1114788852111479
653,LigParGen/SM39/SM39/FEP/octanol/VDW/0700/,100000.1,0.15167848321516786
654,LigParGen/SM39/SM39/FEP/octanol/VDW/0750/,100000.1,0.06290937090629094
655,LigParGen/SM39/SM39/FEP/octanol/VDW/0800/,100000.1,0.2925870741292587
656,LigParGen/SM39/SM39/FEP/octanol/VDW/0850/,100000.1,0.2756672433275668
657,LigParGen/SM39/SM39/FEP/octanol/VDW/0900/,100000.1,0.3268367316326837
658,LigParGen/SM39/SM39/FEP/octanol/VDW/0950/,100000.1,0.12798872011279888
659,LigParGen/SM39/SM39/FEP/octanol/VDW/1000/,100000.1,0.014979850201497988
660,LigParGen/SM40/SM40/FEP/water/Coulomb/0000/,49999.8,0.74266
661,LigParGen/SM40/SM40/FEP/water/Coulomb/0250/,49999.8,0.3092
662,LigParGen/SM40/SM40/FEP/water/Coulomb/0500/,45180.0,0.2918326693227092
663,LigParGen/SM40/SM40/FEP/water/Coulomb/0750/,800.1,0.06367041198501873
664,LigParGen/SM40/SM40/FEP/water/Coulomb/1000/,16.1,0.4117647058823529
665,LigParGen/SM40/SM40/FEP/water/VDW/0000/,485.7,0.07201646090534979
666,LigParGen/SM40/SM40/FEP/water/VDW/0050/,8877.0,0.010927115016334348
667,LigParGen/SM40/SM40/FEP/water/VDW/0100/,1147.2,0.07839721254355403
668,LigParGen/SM40/SM40/FEP/water/VDW/0200/,161.3,0.5802469135802469
669,LigParGen/SM40/SM40/FEP/water/VDW/0300/,688.5,0.1741654571843251
670,LigParGen/SM40/SM40/FEP/water/VDW/0400/,1637.7,0.042735042735042736
671,LigParGen/SM40/SM40/FEP/water/VDW/0500/,70.5,0.7605633802816901
672,LigParGen/SM40/SM40/FEP/water/VDW/0600/,3151.0,0.2554744525547445
673,LigParGen/SM40/SM40/FEP/water/VDW/0650/,1784.5,0.4745098039215686
674,LigParGen/SM40/SM40/FEP/water/VDW/0700/,112.1,0.9734513274336284
675,LigParGen/SM40/SM40/FEP/water/VDW/0750/,416.9,0.9784172661870504
676,LigParGen/SM40/SM40/FEP/water/VDW/0800/,276.5,0.8050541516245487
677,LigParGen/SM40/SM40/FEP/water/VDW/0850/,106.5,0.9813084112149532
678,LigParGen/SM40/SM40/FEP/water/VDW/0900/,2335.8,0.0993150684931507
679,LigParGen/SM40/SM40/FEP/water/VDW/0950/,252.5,0.3399209486166008
680,LigParGen/SM40/SM40/FEP/water/VDW/1000/,122.9,0.4390243902439024
681,LigParGen/SM40/SM40/FEP/octanol/Coulomb/0000/,100000.1,0.6715732842671573
682,LigParGen/SM40/SM40/FEP/octanol/Coulomb/0125/,86982.9,0.9336077164503408
683,LigParGen/SM40/SM40/FEP/octanol/Coulomb/0250/,6910.7,0.9047894660685862
684,LigParGen/SM40/SM40/FEP/octanol/Coulomb/0375/,5150.7,0.905066977285964
685,LigParGen/SM40/SM40/FEP/octanol/Coulomb/0500/,8133.5,0.8107941971969511
686,LigParGen/SM40/SM40/FEP/octanol/Coulomb/0750/,1792.4,0.7763524818739543
687,LigParGen/SM40/SM40/FEP/octanol/Coulomb/1000/,983.9,0.5934959349593496
688,LigParGen/SM40/SM40/FEP/octanol/VDW/0000/,866.9,0.4544405997693195
689,LigParGen/SM40/SM40/FEP/octanol/VDW/0050/,1509.8,0.28079470198675505
690,LigParGen/SM40/SM40/FEP/octanol/VDW/0100/,1216.1,0.3599013968775678
691,LigParGen/SM40/SM40/FEP/octanol/VDW/0200/,583.6,0.4332191780821918
692,LigParGen/SM40/SM40/FEP/octanol/VDW/0300/,549.4,0.8345454545454546
693,LigParGen/SM40/SM40/FEP/octanol/VDW/0400/,2225.8,0.6015274034141959
694,LigParGen/SM40/SM40/FEP/octanol/VDW/0500/,2139.3,0.352803738317757
695,LigParGen/SM40/SM40/FEP/octanol/VDW/0600/,2831.1,0.6094632768361582
696,LigParGen/SM40/SM40/FEP/octanol/VDW/0650/,563.4,0.8457446808510638
697,LigParGen/SM40/SM40/FEP/octanol/VDW/0700/,2201.7,0.8614895549500454
698,LigParGen/SM40/SM40/FEP/octanol/VDW/0750/,1662.2,0.9188214070956102
699,LigParGen/SM40/SM40/FEP/octanol/VDW/0800/,1049.0,0.9285033365109628
700,LigParGen/SM40/SM40/FEP/octanol/VDW/0850/,2102.2,0.8578221588207323
701,LigParGen/SM40/SM40/FEP/octanol/VDW/0900/,154.5,0.967741935483871
702,LigParGen/SM40/SM40/FEP/octanol/VDW/0950/,82.9,0.9759036144578312
703,LigParGen/SM40/SM40/FEP/octanol/VDW/1000/,362.5,0.3526170798898072
704,LigParGen/SM41/SM41/FEP/water/Coulomb/0000/,49999.8,0.02526
705,LigParGen/SM41/SM41/FEP/water/Coulomb/0250/,49999.8,0.4645
706,LigParGen/SM41/SM41/FEP/water/Coulomb/0500/,49999.8,0.07472000000000001
707,LigParGen/SM41/SM41/FEP/water/Coulomb/0750/,49999.8,0.018080000000000002
708,LigParGen/SM41/SM41/FEP/water/Coulomb/1000/,49999.8,0.00017999999999999998
709,LigParGen/SM41/SM41/FEP/water/VDW/0000/,49999.8,0.0007599999999999999
710,LigParGen/SM41/SM41/FEP/water/VDW/0050/,49999.8,0.0025800000000000003
711,LigParGen/SM41/SM41/FEP/water/VDW/0100/,49999.8,0.00128
712,LigParGen/SM41/SM41/FEP/water/VDW/0200/,49999.8,0.00118
713,LigParGen/SM41/SM41/FEP/water/VDW/0300/,49999.8,0.00062
714,LigParGen/SM41/SM41/FEP/water/VDW/0400/,49999.8,0.00236
715,LigParGen/SM41/SM41/FEP/water/VDW/0500/,49999.8,0.004739999999999999
716,LigParGen/SM41/SM41/FEP/water/VDW/0600/,49999.8,0.024480000000000002
717,LigParGen/SM41/SM41/FEP/water/VDW/0650/,49999.8,0.0369
718,LigParGen/SM41/SM41/FEP/water/VDW/0700/,49999.8,0.034879999999999994
719,LigParGen/SM41/SM41/FEP/water/VDW/0750/,49999.8,0.19812
720,LigParGen/SM41/SM41/FEP/water/VDW/0800/,49999.8,0.034719999999999994
721,LigParGen/SM41/SM41/FEP/water/VDW/0850/,49999.8,0.012
722,LigParGen/SM41/SM41/FEP/water/VDW/0900/,49999.8,0.004379999999999999
723,LigParGen/SM41/SM41/FEP/water/VDW/0950/,49999.8,0.00206
724,LigParGen/SM41/SM41/FEP/water/VDW/1000/,49999.8,0.0013
725,LigParGen/SM41/SM41/FEP/octanol/Coulomb/0000/,100000.1,0.05468945310546895
726,LigParGen/SM41/SM41/FEP/octanol/Coulomb/0125/,100000.1,0.6740732592674074
727,LigParGen/SM41/SM41/FEP/octanol/Coulomb/0250/,100000.1,0.4207757922420776
728,LigParGen/SM41/SM41/FEP/octanol/Coulomb/0375/,100000.1,0.4170258297417026
729,LigParGen/SM41/SM41/FEP/octanol/Coulomb/0500/,100000.1,0.2630873691263088
730,LigParGen/SM41/SM41/FEP/octanol/Coulomb/0750/,100000.1,0.033889661103388966
731,LigParGen/SM41/SM41/FEP/octanol/Coulomb/1000/,100000.1,0.08543914560854393
732,LigParGen/SM41/SM41/FEP/octanol/VDW/0000/,100000.1,0.00961990380096199
733,LigParGen/SM41/SM41/FEP/octanol/VDW/0050/,100000.1,0.01097989020109799
734,LigParGen/SM41/SM41/FEP/octanol/VDW/0100/,100000.1,0.012039879601203987
735,LigParGen/SM41/SM41/FEP/octanol/VDW/0200/,100000.1,0.02961970380296197
736,LigParGen/SM41/SM41/FEP/octanol/VDW/0300/,100000.1,0.0031199688003119967
737,LigParGen/SM41/SM41/FEP/octanol/VDW/0400/,100000.1,0.010469895301046991
738,LigParGen/SM41/SM41/FEP/octanol/VDW/0500/,100000.1,0.016599834001659985
739,LigParGen/SM41/SM41/FEP/octanol/VDW/0600/,100000.1,0.02654973450265497
740,LigParGen/SM41/SM41/FEP/octanol/VDW/0650/,100000.1,0.015749842501574986
741,LigParGen/SM41/SM41/FEP/octanol/VDW/0700/,100000.1,0.06579934200657994
742,LigParGen/SM41/SM41/FEP/octanol/VDW/0750/,100000.1,0.05311946880531195
743,LigParGen/SM41/SM41/FEP/octanol/VDW/0800/,100000.1,0.2093479065209348
744,LigParGen/SM41/SM41/FEP/octanol/VDW/0850/,100000.1,0.14974850251497487
745,LigParGen/SM41/SM41/FEP/octanol/VDW/0900/,100000.1,0.03174968250317497
746,LigParGen/SM41/SM41/FEP/octanol/VDW/0950/,100000.1,0.035689643103568966
747,LigParGen/SM41/SM41/FEP/octanol/VDW/1000/,100000.1,0.004969950300496995
748,LigParGen/SM42/SM42/FEP/water/Coulomb/0000/,49999.8,0.040199999999999986
749,LigParGen/SM42/SM42/FEP/water/Coulomb/0250/,49999.8,0.00084
750,LigParGen/SM42/SM42/FEP/water/Coulomb/0500/,49999.8,0.27026
751,LigParGen/SM42/SM42/FEP/water/Coulomb/0750/,49999.8,0.14944000000000002
752,LigParGen/SM42/SM42/FEP/water/Coulomb/1000/,49999.8,0.1998
753,LigParGen/SM42/SM42/FEP/water/VDW/0000/,49999.8,0.00228
754,LigParGen/SM42/SM42/FEP/water/VDW/0050/,49999.8,0.00096
755,LigParGen/SM42/SM42/FEP/water/VDW/0100/,49999.8,0.0035600000000000002
756,LigParGen/SM42/SM42/FEP/water/VDW/0200/,49999.8,0.00172
757,LigParGen/SM42/SM42/FEP/water/VDW/0300/,49999.8,0.0015799999999999998
758,LigParGen/SM42/SM42/FEP/water/VDW/0400/,49999.8,0.00402
759,LigParGen/SM42/SM42/FEP/water/VDW/0500/,49999.8,0.00442
760,LigParGen/SM42/SM42/FEP/water/VDW/0600/,49999.8,0.04506
761,LigParGen/SM42/SM42/FEP/water/VDW/0650/,49999.8,0.09466000000000001
762,LigParGen/SM42/SM42/FEP/water/VDW/0700/,49999.8,0.057120000000000004
763,LigParGen/SM42/SM42/FEP/water/VDW/0750/,49999.8,0.14947999999999995
764,LigParGen/SM42/SM42/FEP/water/VDW/0800/,49999.8,0.05678
765,LigParGen/SM42/SM42/FEP/water/VDW/0850/,49999.8,0.03398
766,LigParGen/SM42/SM42/FEP/water/VDW/0900/,49999.8,0.010699999999999998
767,LigParGen/SM42/SM42/FEP/water/VDW/0950/,49999.8,0.00248
768,LigParGen/SM42/SM42/FEP/water/VDW/1000/,49999.8,0.00294
769,LigParGen/SM42/SM42/FEP/octanol/Coulomb/0000/,100000.1,0.4158458415415846
770,LigParGen/SM42/SM42/FEP/octanol/Coulomb/0125/,100000.1,0.6399936000639993
771,LigParGen/SM42/SM42/FEP/octanol/Coulomb/0250/,100000.1,0.5060049399506005
772,LigParGen/SM42/SM42/FEP/octanol/Coulomb/0375/,100000.1,0.7479225207747923
773,LigParGen/SM42/SM42/FEP/octanol/Coulomb/0500/,100000.1,0.4555254447455526
774,LigParGen/SM42/SM42/FEP/octanol/Coulomb/0750/,100000.1,0.3342366576334237
775,LigParGen/SM42/SM42/FEP/octanol/Coulomb/1000/,100000.1,0.4240457595424046
776,LigParGen/SM42/SM42/FEP/octanol/VDW/0000/,100000.1,0.015089849101508988
777,LigParGen/SM42/SM42/FEP/octanol/VDW/0050/,100000.1,0.011139888601113987
778,LigParGen/SM42/SM42/FEP/octanol/VDW/0100/,100000.1,0.043539564604353966
779,LigParGen/SM42/SM42/FEP/octanol/VDW/0200/,100000.1,0.005269947300526995
780,LigParGen/SM42/SM42/FEP/octanol/VDW/0300/,100000.1,0.013609863901360987
781,LigParGen/SM42/SM42/FEP/octanol/VDW/0400/,100000.1,0.0058699413005869954
782,LigParGen/SM42/SM42/FEP/octanol/VDW/0500/,100000.1,0.11208887911120888
783,LigParGen/SM42/SM42/FEP/octanol/VDW/0600/,100000.1,0.030169698303016974
784,LigParGen/SM42/SM42/FEP/octanol/VDW/0650/,100000.1,0.08998910010899892
785,LigParGen/SM42/SM42/FEP/octanol/VDW/0700/,100000.1,0.03856961430385696
786,LigParGen/SM42/SM42/FEP/octanol/VDW/0750/,100000.1,0.3301866981330187
787,LigParGen/SM42/SM42/FEP/octanol/VDW/0800/,100000.1,0.1057589424105759
788,LigParGen/SM42/SM42/FEP/octanol/VDW/0850/,100000.1,0.1110188898111019
789,LigParGen/SM42/SM42/FEP/octanol/VDW/0900/,100000.1,0.16192838071619284
790,LigParGen/SM42/SM42/FEP/octanol/VDW/0950/,100000.1,0.06766932330676692
791,LigParGen/SM42/SM42/FEP/octanol/VDW/1000/,100000.1,0.01592984070159299
792,LigParGen/SM43/SM43/FEP/water/Coulomb/0000/,49999.8,0.45672
793,LigParGen/SM43/SM43/FEP/water/Coulomb/0250/,49999.8,0.0019
794,LigParGen/SM43/SM43/FEP/water/Coulomb/0500/,49999.8,0.00368
795,LigParGen/SM43/SM43/FEP/water/Coulomb/0750/,49999.8,0.00828
796,LigParGen/SM43/SM43/FEP/water/Coulomb/1000/,49999.8,0.00192
797,LigParGen/SM43/SM43/FEP/water/VDW/0000/,49999.8,0.0006799999999999999
798,LigParGen/SM43/SM43/FEP/water/VDW/0050/,49999.8,0.0006000000000000001
799,LigParGen/SM43/SM43/FEP/water/VDW/0100/,49999.8,0.0007
800,LigParGen/SM43/SM43/FEP/water/VDW/0200/,49999.8,0.006719999999999999
801,LigParGen/SM43/SM43/FEP/water/VDW/0300/,49999.8,0.0006799999999999999
802,LigParGen/SM43/SM43/FEP/water/VDW/0400/,50000.0,0.0027600000000000003
803,LigParGen/SM43/SM43/FEP/water/VDW/0500/,49999.8,0.00336
804,LigParGen/SM43/SM43/FEP/water/VDW/0600/,49999.8,0.013159999999999998
805,LigParGen/SM43/SM43/FEP/water/VDW/0650/,40001.6,0.032348382580870964
806,LigParGen/SM43/SM43/FEP/water/VDW/0700/,49999.8,0.04024
807,LigParGen/SM43/SM43/FEP/water/VDW/0750/,49999.8,0.07118
808,LigParGen/SM43/SM43/FEP/water/VDW/0800/,49999.8,0.02508
809,LigParGen/SM43/SM43/FEP/water/VDW/0850/,49999.8,0.013959999999999998
810,LigParGen/SM43/SM43/FEP/water/VDW/0900/,49999.8,0.01836
811,LigParGen/SM43/SM43/FEP/water/VDW/0950/,20417.2,0.008130081300813006
812,LigParGen/SM43/SM43/FEP/water/VDW/1000/,49999.8,0.0019
813,LigParGen/SM43/SM43/FEP/octanol/Coulomb/0000/,97070.0,0.5263830225610384
814,LigParGen/SM43/SM43/FEP/octanol/Coulomb/0125/,84674.2,0.3876232654266312
815,LigParGen/SM43/SM43/FEP/octanol/Coulomb/0250/,93938.8,0.3893058261212064
816,LigParGen/SM43/SM43/FEP/octanol/Coulomb/0375/,93904.4,0.2853841648474522
817,LigParGen/SM43/SM43/FEP/octanol/Coulomb/0500/,94416.0,0.1169081511608202
818,LigParGen/SM43/SM43/FEP/octanol/Coulomb/0750/,70147.0,0.08323948280040487
819,LigParGen/SM43/SM43/FEP/octanol/Coulomb/1000/,97265.0,0.07252351822341027
820,LigParGen/SM43/SM43/FEP/octanol/VDW/0000/,83796.6,0.07137487022208433
821,LigParGen/SM43/SM43/FEP/octanol/VDW/0050/,99999.8,0.00799
822,LigParGen/SM43/SM43/FEP/octanol/VDW/0100/,99999.8,0.04930000000000001
823,LigParGen/SM43/SM43/FEP/octanol/VDW/0200/,100000.0,0.01903
824,LigParGen/SM43/SM43/FEP/octanol/VDW/0300/,99999.8,0.033130000000000014
825,LigParGen/SM43/SM43/FEP/octanol/VDW/0400/,99999.8,0.01208
826,LigParGen/SM43/SM43/FEP/octanol/VDW/0500/,97217.8,0.04008516941307165
827,LigParGen/SM43/SM43/FEP/octanol/VDW/0600/,100000.0,0.007259999999999999
828,LigParGen/SM43/SM43/FEP/octanol/VDW/0650/,100000.0,0.09561
829,LigParGen/SM43/SM43/FEP/octanol/VDW/0700/,100000.0,0.026410000000000003
830,LigParGen/SM43/SM43/FEP/octanol/VDW/0750/,57708.0,0.23944687045123725
831,LigParGen/SM43/SM43/FEP/octanol/VDW/0800/,91140.6,0.11426251632086548
832,LigParGen/SM43/SM43/FEP/octanol/VDW/0850/,83095.8,0.136059497448734
833,LigParGen/SM43/SM43/FEP/octanol/VDW/0900/,99999.8,0.21656000000000006
834,LigParGen/SM43/SM43/FEP/octanol/VDW/0950/,99999.8,0.02239
835,LigParGen/SM43/SM43/FEP/octanol/VDW/1000/,84283.2,0.0028831094869726163
836,LigParGen/SM44/SM44/FEP/water/Coulomb/0000/,49999.8,0.6577799999999999
837,LigParGen/SM44/SM44/FEP/water/Coulomb/0250/,49999.8,0.007319999999999998
838,LigParGen/SM44/SM44/FEP/water/Coulomb/0500/,49999.8,0.00084
839,LigParGen/SM44/SM44/FEP/water/Coulomb/0750/,49999.8,0.00012
840,LigParGen/SM44/SM44/FEP/water/Coulomb/1000/,49999.8,0.00082
841,LigParGen/SM44/SM44/FEP/water/VDW/0000/,49999.8,0.00017999999999999998
842,LigParGen/SM44/SM44/FEP/water/VDW/0050/,49999.8,0.0002
843,LigParGen/SM44/SM44/FEP/water/VDW/0100/,49999.8,0.0013
844,LigParGen/SM44/SM44/FEP/water/VDW/0200/,49999.8,0.0022
845,LigParGen/SM44/SM44/FEP/water/VDW/0300/,49999.8,0.0023
846,LigParGen/SM44/SM44/FEP/water/VDW/0400/,49999.8,0.00152
847,LigParGen/SM44/SM44/FEP/water/VDW/0500/,49999.8,0.015599999999999998
848,LigParGen/SM44/SM44/FEP/water/VDW/0600/,49999.8,0.015919999999999997
849,LigParGen/SM44/SM44/FEP/water/VDW/0650/,49999.8,0.010319999999999998
850,LigParGen/SM44/SM44/FEP/water/VDW/0700/,49999.8,0.04244
851,LigParGen/SM44/SM44/FEP/water/VDW/0750/,49999.8,0.05848
852,LigParGen/SM44/SM44/FEP/water/VDW/0800/,49999.8,0.02436
853,LigParGen/SM44/SM44/FEP/water/VDW/0850/,49999.8,0.0052
854,LigParGen/SM44/SM44/FEP/water/VDW/0900/,49999.8,0.00214
855,LigParGen/SM44/SM44/FEP/water/VDW/0950/,49999.8,0.00196
856,LigParGen/SM44/SM44/FEP/water/VDW/1000/,49999.8,0.00162
857,LigParGen/SM44/SM44/FEP/octanol/Coulomb/0000/,100000.1,0.18279817201827986
858,LigParGen/SM44/SM44/FEP/octanol/Coulomb/0125/,100000.1,0.6039739602603974
859,LigParGen/SM44/SM44/FEP/octanol/Coulomb/0250/,100000.1,0.6590834091659084
860,LigParGen/SM44/SM44/FEP/octanol/Coulomb/0375/,100000.1,0.15350846491535086
861,LigParGen/SM44/SM44/FEP/octanol/Coulomb/0500/,100000.1,0.011889881101188987
862,LigParGen/SM44/SM44/FEP/octanol/Coulomb/0750/,100000.1,0.012029879701202988
863,LigParGen/SM44/SM44/FEP/octanol/Coulomb/1000/,100000.1,0.0004199958000419996
864,LigParGen/SM44/SM44/FEP/octanol/VDW/0000/,100000.1,0.0038399616003839967
865,LigParGen/SM44/SM44/FEP/octanol/VDW/0050/,100000.1,0.005419945800541995
866,LigParGen/SM44/SM44/FEP/octanol/VDW/0100/,100000.1,0.05179948200517996
867,LigParGen/SM44/SM44/FEP/octanol/VDW/0200/,100000.1,0.011359886401135987
868,LigParGen/SM44/SM44/FEP/octanol/VDW/0300/,100000.1,0.007799922000779994
869,LigParGen/SM44/SM44/FEP/octanol/VDW/0400/,100000.1,0.005659943400565995
870,LigParGen/SM44/SM44/FEP/octanol/VDW/0500/,100000.1,0.022319776802231985
871,LigParGen/SM44/SM44/FEP/octanol/VDW/0600/,100000.1,0.08914910850891491
872,LigParGen/SM44/SM44/FEP/octanol/VDW/0650/,100000.1,0.006319936800631994
873,LigParGen/SM44/SM44/FEP/octanol/VDW/0700/,100000.1,0.04895951040489596
874,LigParGen/SM44/SM44/FEP/octanol/VDW/0750/,100000.1,0.03579964200357997
875,LigParGen/SM44/SM44/FEP/octanol/VDW/0800/,100000.1,0.2561874381256188
876,LigParGen/SM44/SM44/FEP/octanol/VDW/0850/,100000.1,0.07915920840791593
877,LigParGen/SM44/SM44/FEP/octanol/VDW/0900/,100000.1,0.029439705602943976
878,LigParGen/SM44/SM44/FEP/octanol/VDW/0950/,100000.1,0.030799692003079974
879,LigParGen/SM44/SM44/FEP/octanol/VDW/1000/,100000.1,0.02754972450275497
880,LigParGen/SM45/SM45/FEP/water/Coulomb/0000/,49999.8,0.34616
881,LigParGen/SM45/SM45/FEP/water/Coulomb/0250/,49999.8,0.0022
882,LigParGen/SM45/SM45/FEP/water/Coulomb/0500/,49999.8,0.01404
883,LigParGen/SM45/SM45/FEP/water/Coulomb/0750/,49999.8,0.00042
884,LigParGen/SM45/SM45/FEP/water/Coulomb/1000/,49999.8,0.00134
885,LigParGen/SM45/SM45/FEP/water/VDW/0000/,49999.8,0.00022
886,LigParGen/SM45/SM45/FEP/water/VDW/0050/,49999.8,0.0008799999999999998
887,LigParGen/SM45/SM45/FEP/water/VDW/0100/,49999.8,0.00172
888,LigParGen/SM45/SM45/FEP/water/VDW/0200/,49999.8,0.0010999999999999998
889,LigParGen/SM45/SM45/FEP/water/VDW/0300/,49999.8,0.006279999999999999
890,LigParGen/SM45/SM45/FEP/water/VDW/0400/,49999.8,0.00214
891,LigParGen/SM45/SM45/FEP/water/VDW/0500/,49999.8,0.00212
892,LigParGen/SM45/SM45/FEP/water/VDW/0600/,49999.8,0.012639999999999998
893,LigParGen/SM45/SM45/FEP/water/VDW/0650/,49999.8,0.007259999999999998
894,LigParGen/SM45/SM45/FEP/water/VDW/0700/,49999.8,0.0652
895,LigParGen/SM45/SM45/FEP/water/VDW/0750/,49999.8,0.10228
896,LigParGen/SM45/SM45/FEP/water/VDW/0800/,49999.8,0.07153999999999999
897,LigParGen/SM45/SM45/FEP/water/VDW/0850/,49999.8,0.01622
898,LigParGen/SM45/SM45/FEP/water/VDW/0900/,49999.8,0.005379999999999999
899,LigParGen/SM45/SM45/FEP/water/VDW/0950/,49999.8,0.007819999999999999
900,LigParGen/SM45/SM45/FEP/water/VDW/1000/,49999.8,0.0032
901,LigParGen/SM45/SM45/FEP/octanol/Coulomb/0000/,100000.1,0.4126558734412656
902,LigParGen/SM45/SM45/FEP/octanol/Coulomb/0125/,100000.1,0.2911570884291157
903,LigParGen/SM45/SM45/FEP/octanol/Coulomb/0250/,100000.1,0.3994760052399477
904,LigParGen/SM45/SM45/FEP/octanol/Coulomb/0375/,100000.1,0.8257217427825722
905,LigParGen/SM45/SM45/FEP/octanol/Coulomb/0500/,100000.1,0.10329896701032992
906,LigParGen/SM45/SM45/FEP/octanol/Coulomb/0750/,100000.1,0.045189548104518966
907,LigParGen/SM45/SM45/FEP/octanol/Coulomb/1000/,100000.1,0.031239687603123976
908,LigParGen/SM45/SM45/FEP/octanol/VDW/0000/,50000.1,0.05801883962320754
909,LigParGen/SM45/SM45/FEP/octanol/VDW/0050/,50000.1,0.1107777844443111
910,LigParGen/SM45/SM45/FEP/octanol/VDW/0100/,100000.1,0.08135918640813593
911,LigParGen/SM45/SM45/FEP/octanol/VDW/0200/,50000.1,0.15583688326233475
912,LigParGen/SM45/SM45/FEP/octanol/VDW/0300/,100000.1,0.006279937200627994
913,LigParGen/SM45/SM45/FEP/octanol/VDW/0400/,100000.1,0.08360916390836093
914,LigParGen/SM45/SM45/FEP/octanol/VDW/0500/,100000.1,0.03973960260397397
915,LigParGen/SM45/SM45/FEP/octanol/VDW/0600/,50000.1,0.06873862522749545
916,LigParGen/SM45/SM45/FEP/octanol/VDW/0650/,100000.1,0.011609883901160991
917,LigParGen/SM45/SM45/FEP/octanol/VDW/0700/,100000.1,0.14236857631423688
918,LigParGen/SM45/SM45/FEP/octanol/VDW/0750/,50000.1,0.24783504329913406
919,LigParGen/SM45/SM45/FEP/octanol/VDW/0800/,50000.1,0.5631287374252515
920,LigParGen/SM45/SM45/FEP/octanol/VDW/0850/,100000.1,0.2141178588214118
921,LigParGen/SM45/SM45/FEP/octanol/VDW/0900/,50000.1,0.3362132757344853
922,LigParGen/SM45/SM45/FEP/octanol/VDW/0950/,50000.1,0.0998580028399432
923,LigParGen/SM45/SM45/FEP/octanol/VDW/1000/,100000.1,0.04055959440405597
924,LigParGen/SM46/SM46/FEP/water/Coulomb/0000/,49999.8,0.29498
925,LigParGen/SM46/SM46/FEP/water/Coulomb/0250/,49999.8,0.08426
926,LigParGen/SM46/SM46/FEP/water/Coulomb/0500/,49999.8,0.16779999999999998
927,LigParGen/SM46/SM46/FEP/water/Coulomb/0750/,49999.8,0.12813999999999998
928,LigParGen/SM46/SM46/FEP/water/Coulomb/1000/,28250.0,0.2265486725663717
929,LigParGen/SM46/SM46/FEP/water/VDW/0000/,49999.8,0.0012599999999999998
930,LigParGen/SM46/SM46/FEP/water/VDW/0050/,49999.8,0.00058
931,LigParGen/SM46/SM46/FEP/water/VDW/0100/,49999.8,0.00082
932,LigParGen/SM46/SM46/FEP/water/VDW/0200/,49999.8,0.0025
933,LigParGen/SM46/SM46/FEP/water/VDW/0300/,49999.8,0.00262
934,LigParGen/SM46/SM46/FEP/water/VDW/0400/,49999.8,0.00114
935,LigParGen/SM46/SM46/FEP/water/VDW/0500/,49999.8,0.00462
936,LigParGen/SM46/SM46/FEP/water/VDW/0600/,49999.8,0.016640000000000002
937,LigParGen/SM46/SM46/FEP/water/VDW/0650/,49999.7,0.09824
938,LigParGen/SM46/SM46/FEP/water/VDW/0700/,49999.8,0.03244
939,LigParGen/SM46/SM46/FEP/water/VDW/0750/,49999.8,0.06786
940,LigParGen/SM46/SM46/FEP/water/VDW/0800/,49999.8,0.06322
941,LigParGen/SM46/SM46/FEP/water/VDW/0850/,49999.8,0.016380000000000002
942,LigParGen/SM46/SM46/FEP/water/VDW/0900/,49999.8,0.005639999999999999
943,LigParGen/SM46/SM46/FEP/water/VDW/0950/,49999.8,0.00524
944,LigParGen/SM46/SM46/FEP/water/VDW/1000/,49999.8,0.00368
945,LigParGen/SM46/SM46/FEP/octanol/Coulomb/0000/,100000.1,0.14742852571474285
946,LigParGen/SM46/SM46/FEP/octanol/Coulomb/0125/,50000.1,0.5777484450310993
947,LigParGen/SM46/SM46/FEP/octanol/Coulomb/0250/,50000.1,0.7586048279034421
948,LigParGen/SM46/SM46/FEP/octanol/Coulomb/0375/,50000.1,0.9155416891662168
949,LigParGen/SM46/SM46/FEP/octanol/Coulomb/0500/,50000.1,0.7100257994840103
950,LigParGen/SM46/SM46/FEP/octanol/Coulomb/0750/,50000.0,0.16377999999999998
951,LigParGen/SM46/SM46/FEP/octanol/Coulomb/1000/,50000.1,0.30507389852202954
952,LigParGen/SM46/SM46/FEP/octanol/VDW/0000/,50000.1,0.09493810123797523
953,LigParGen/SM46/SM46/FEP/octanol/VDW/0050/,50000.1,0.03499930001399972
954,LigParGen/SM46/SM46/FEP/octanol/VDW/0100/,49999.8,0.012139999999999998
955,LigParGen/SM46/SM46/FEP/octanol/VDW/0200/,50000.1,0.07761844763104737
956,LigParGen/SM46/SM46/FEP/octanol/VDW/0300/,50000.1,0.02947941041179177
957,LigParGen/SM46/SM46/FEP/octanol/VDW/0400/,50000.1,0.06755864882702346
958,LigParGen/SM46/SM46/FEP/octanol/VDW/0500/,49999.8,0.09392
959,LigParGen/SM46/SM46/FEP/octanol/VDW/0600/,50000.1,0.034819303613927724
960,LigParGen/SM46/SM46/FEP/octanol/VDW/0650/,50000.1,0.11909761804763905
961,LigParGen/SM46/SM46/FEP/octanol/VDW/0700/,50000.1,0.19575608487830248
962,LigParGen/SM46/SM46/FEP/octanol/VDW/0750/,50000.1,0.21713565728685427
963,LigParGen/SM46/SM46/FEP/octanol/VDW/0800/,50000.1,0.252294954100918
964,LigParGen/SM46/SM46/FEP/octanol/VDW/0850/,50000.1,0.32051358972820543
965,LigParGen/SM46/SM46/FEP/octanol/VDW/0900/,50000.1,0.19143617127657447
966,LigParGen/SM46/SM46/FEP/octanol/VDW/0950/,50000.1,0.07357852842943141
967,LigParGen/SM46/SM46/FEP/octanol/VDW/1000/,50000.1,0.03911921761564769
968,LigParGen/refCMC26/refCMC26/FEP/water/Coulomb/0000/,50000.1,0.74592508149837
969,LigParGen/refCMC26/refCMC26/FEP/water/Coulomb/0250/,50000.1,0.039959200815983684
970,LigParGen/refCMC26/refCMC26/FEP/water/Coulomb/0500/,50000.1,0.0027399452010959786
971,LigParGen/refCMC26/refCMC26/FEP/water/Coulomb/0750/,50000.1,0.0018199636007279851
972,LigParGen/refCMC26/refCMC26/FEP/water/Coulomb/1000/,50000.1,0.0006599868002639947
973,LigParGen/refCMC26/refCMC26/FEP/water/VDW/0000/,50000.1,0.0011999760004799903
974,LigParGen/refCMC26/refCMC26/FEP/water/VDW/0050/,50000.1,0.0008399832003359932
975,LigParGen/refCMC26/refCMC26/FEP/water/VDW/0100/,50000.1,0.002659946801063979
976,LigParGen/refCMC26/refCMC26/FEP/water/VDW/0200/,50000.1,0.0009599808003839924
977,LigParGen/refCMC26/refCMC26/FEP/water/VDW/0300/,50000.1,0.003639927201455971
978,LigParGen/refCMC26/refCMC26/FEP/water/VDW/0400/,50000.1,0.0037799244015119704
979,LigParGen/refCMC26/refCMC26/FEP/water/VDW/0500/,50000.1,0.002279954400911982
980,LigParGen/refCMC26/refCMC26/FEP/water/VDW/0600/,50000.1,0.0124797504049919
981,LigParGen/refCMC26/refCMC26/FEP/water/VDW/0650/,50000.1,0.04193916121677567
982,LigParGen/refCMC26/refCMC26/FEP/water/VDW/0700/,50000.1,0.13025739485210294
983,LigParGen/refCMC26/refCMC26/FEP/water/VDW/0750/,50000.1,0.0625387492250155
984,LigParGen/refCMC26/refCMC26/FEP/water/VDW/0800/,50000.1,0.08611827763444731
985,LigParGen/refCMC26/refCMC26/FEP/water/VDW/0850/,50000.1,0.006939861202775946
986,LigParGen/refCMC26/refCMC26/FEP/water/VDW/0900/,50000.1,0.003439931201375973
987,LigParGen/refCMC26/refCMC26/FEP/water/VDW/0950/,50000.1,0.001619967600647987
988,LigParGen/refCMC26/refCMC26/FEP/water/VDW/1000/,50000.1,0.0009799804003919922
989,LigParGen/refCMC26/refCMC26/FEP/octanol/Coulomb/0000/,50000.1,0.4406711865762685
990,LigParGen/refCMC26/refCMC26/FEP/octanol/Coulomb/0125/,50000.1,0.3229535409291814
991,LigParGen/refCMC26/refCMC26/FEP/octanol/Coulomb/0250/,50000.1,0.6615067698646027
992,LigParGen/refCMC26/refCMC26/FEP/octanol/Coulomb/0375/,50000.1,0.7809043819123618
993,LigParGen/refCMC26/refCMC26/FEP/octanol/Coulomb/0500/,50000.1,0.38025239495210095
994,LigParGen/refCMC26/refCMC26/FEP/octanol/Coulomb/0750/,50000.1,0.027299454010919783
995,LigParGen/refCMC26/refCMC26/FEP/octanol/Coulomb/1000/,50000.1,0.0250594988100238
996,LigParGen/refCMC26/refCMC26/FEP/octanol/VDW/0000/,50000.1,0.030399392012159764
997,LigParGen/refCMC26/refCMC26/FEP/octanol/VDW/0050/,50000.1,0.06787864242715146
998,LigParGen/refCMC26/refCMC26/FEP/octanol/VDW/0100/,50000.1,0.022899542009159817
999,LigParGen/refCMC26/refCMC26/FEP/octanol/VDW/0200/,50000.1,0.003359932801343973
1000,LigParGen/refCMC26/refCMC26/FEP/octanol/VDW/0300/,50000.1,0.12481750364992698
1001,LigParGen/refCMC26/refCMC26/FEP/octanol/VDW/0400/,50000.1,0.1765764684706306
1002,LigParGen/refCMC26/refCMC26/FEP/octanol/VDW/0500/,50000.1,0.11099778004439913
1003,LigParGen/refCMC26/refCMC26/FEP/octanol/VDW/0600/,50000.1,0.043299134017319656
1004,LigParGen/refCMC26/refCMC26/FEP/octanol/VDW/0650/,50000.1,0.015299694006119878
1005,LigParGen/refCMC26/refCMC26/FEP/octanol/VDW/0700/,50000.1,0.10185796284074318
1006,LigParGen/refCMC26/refCMC26/FEP/octanol/VDW/0750/,50000.1,0.4512709745805084
1007,LigParGen/refCMC26/refCMC26/FEP/octanol/VDW/0800/,50000.1,0.2114557708845823
1008,LigParGen/refCMC26/refCMC26/FEP/octanol/VDW/0850/,50000.1,0.3902321953560929
1009,LigParGen/refCMC26/refCMC26/FEP/octanol/VDW/0900/,50000.1,0.052558948821023584
1010,LigParGen/refCMC26/refCMC26/FEP/octanol/VDW/0950/,50000.1,0.017159656806863866
1011,LigParGen/refCMC26/refCMC26/FEP/octanol/VDW/1000/,50000.1,0.011859762804743905
1012,LigParGen/refJMC11/refJMC11/FEP/water/Coulomb/0000/,50000.1,0.22003559928801425
1013,LigParGen/refJMC11/refJMC11/FEP/water/Coulomb/0250/,50000.1,0.6140077198456031
1014,LigParGen/refJMC11/refJMC11/FEP/water/Coulomb/0500/,50000.1,0.1007979840403192
1015,LigParGen/refJMC11/refJMC11/FEP/water/Coulomb/0750/,50000.1,0.004779904401911962
1016,LigParGen/refJMC11/refJMC11/FEP/water/Coulomb/1000/,50000.1,0.03275934481310374
1017,LigParGen/refJMC11/refJMC11/FEP/water/VDW/0000/,50000.1,0.0012399752004959902
1018,LigParGen/refJMC11/refJMC11/FEP/water/VDW/0050/,50000.1,0.002039959200815984
1019,LigParGen/refJMC11/refJMC11/FEP/water/VDW/0100/,50000.1,0.0007599848003039939
1020,LigParGen/refJMC11/refJMC11/FEP/water/VDW/0200/,50000.1,0.0032599348013039736
1021,LigParGen/refJMC11/refJMC11/FEP/water/VDW/0300/,50000.1,0.0009399812003759924
1022,LigParGen/refJMC11/refJMC11/FEP/water/VDW/0400/,50000.1,0.0055198896022079546
1023,LigParGen/refJMC11/refJMC11/FEP/water/VDW/0500/,50000.1,0.0043399132017359655
1024,LigParGen/refJMC11/refJMC11/FEP/water/VDW/0600/,50000.1,0.008679826403471931
1025,LigParGen/refJMC11/refJMC11/FEP/water/VDW/0650/,50000.1,0.08573828523429533
1026,LigParGen/refJMC11/refJMC11/FEP/water/VDW/0700/,50000.1,0.18485630287394253
1027,LigParGen/refJMC11/refJMC11/FEP/water/VDW/0750/,50000.1,0.13053738925221495
1028,LigParGen/refJMC11/refJMC11/FEP/water/VDW/0800/,50000.1,0.04619907601847963
1029,LigParGen/refJMC11/refJMC11/FEP/water/VDW/0850/,50000.1,0.01641967160656787
1030,LigParGen/refJMC11/refJMC11/FEP/water/VDW/0900/,50000.1,0.0011799764004719905
1031,LigParGen/refJMC11/refJMC11/FEP/water/VDW/0950/,50000.1,0.0011799764004719905
1032,LigParGen/refJMC11/refJMC11/FEP/water/VDW/1000/,50000.1,0.0008999820003599928
1033,LigParGen/refJMC11/refJMC11/FEP/octanol/Coulomb/0000/,50000.1,0.5575888482230356
1034,LigParGen/refJMC11/refJMC11/FEP/octanol/Coulomb/0125/,50000.1,0.4605907881842363
1035,LigParGen/refJMC11/refJMC11/FEP/octanol/Coulomb/0250/,50000.1,0.8586228275434491
1036,LigParGen/refJMC11/refJMC11/FEP/octanol/Coulomb/0375/,50000.1,0.42679146417071656
1037,LigParGen/refJMC11/refJMC11/FEP/octanol/Coulomb/0500/,50000.1,0.2375152496950061
1038,LigParGen/refJMC11/refJMC11/FEP/octanol/Coulomb/0750/,50000.1,0.08467830643387132
1039,LigParGen/refJMC11/refJMC11/FEP/octanol/Coulomb/1000/,50000.1,0.01517969640607188
1040,LigParGen/refJMC11/refJMC11/FEP/octanol/VDW/0000/,50000.1,0.0375792484150317
1041,LigParGen/refJMC11/refJMC11/FEP/octanol/VDW/0050/,50000.1,0.059398812023759524
1042,LigParGen/refJMC11/refJMC11/FEP/octanol/VDW/0100/,50000.1,0.05845883082338354
1043,LigParGen/refJMC11/refJMC11/FEP/octanol/VDW/0200/,50000.1,0.01667966640667187
1044,LigParGen/refJMC11/refJMC11/FEP/octanol/VDW/0300/,50000.1,0.012819743605127895
1045,LigParGen/refJMC11/refJMC11/FEP/octanol/VDW/0400/,50000.1,0.028199436011279774
1046,LigParGen/refJMC11/refJMC11/FEP/octanol/VDW/0500/,50000.1,0.11983760324793505
1047,LigParGen/refJMC11/refJMC11/FEP/octanol/VDW/0600/,50000.1,0.06209875802483951
1048,LigParGen/refJMC11/refJMC11/FEP/octanol/VDW/0650/,50000.1,0.056038879222415565
1049,LigParGen/refJMC11/refJMC11/FEP/octanol/VDW/0700/,50000.1,0.25349493010139795
1050,LigParGen/refJMC11/refJMC11/FEP/octanol/VDW/0750/,50000.1,0.30557388852222955
1051,LigParGen/refJMC11/refJMC11/FEP/octanol/VDW/0800/,50000.1,0.21163576728465436
1052,LigParGen/refJMC11/refJMC11/FEP/octanol/VDW/0850/,50000.1,0.3977320453590928
1053,LigParGen/refJMC11/refJMC11/FEP/octanol/VDW/0900/,50000.1,0.15513689726205476
1054,LigParGen/refJMC11/refJMC11/FEP/octanol/VDW/0950/,50000.1,0.018079638407231858
1055,LigParGen/refJMC11/refJMC11/FEP/octanol/VDW/1000/,50000.1,0.015559688806223874
1056,LigParGen/refJMC12/refJMC12/FEP/water/Coulomb/0000/,50000.1,0.4702505949881002
1057,LigParGen/refJMC12/refJMC12/FEP/water/Coulomb/0250/,50000.1,0.2825343493130137
1058,LigParGen/refJMC12/refJMC12/FEP/water/Coulomb/0500/,50000.1,0.019979600407991842
1059,LigParGen/refJMC12/refJMC12/FEP/water/Coulomb/0750/,50000.1,0.059938801223975526
1060,LigParGen/refJMC12/refJMC12/FEP/water/Coulomb/1000/,50000.1,0.002019959600807984
1061,LigParGen/refJMC12/refJMC12/FEP/water/VDW/0000/,50000.1,0.0006799864002719945
1062,LigParGen/refJMC12/refJMC12/FEP/water/VDW/0050/,50000.1,0.0007399852002959942
1063,LigParGen/refJMC12/refJMC12/FEP/water/VDW/0100/,50000.1,0.00037999240015199704
1064,LigParGen/refJMC12/refJMC12/FEP/water/VDW/0200/,50000.1,0.0017999640007199855
1065,LigParGen/refJMC12/refJMC12/FEP/water/VDW/0300/,50000.1,0.00039999200015999685
1066,LigParGen/refJMC12/refJMC12/FEP/water/VDW/0400/,50000.1,0.0014399712005759885
1067,LigParGen/refJMC12/refJMC12/FEP/water/VDW/0500/,50000.1,0.0024599508009839808
1068,LigParGen/refJMC12/refJMC12/FEP/water/VDW/0600/,50000.1,0.013159736805263895
1069,LigParGen/refJMC12/refJMC12/FEP/water/VDW/0650/,50000.1,0.03603927921441572
1070,LigParGen/refJMC12/refJMC12/FEP/water/VDW/0700/,50000.1,0.05585888282234356
1071,LigParGen/refJMC12/refJMC12/FEP/water/VDW/0750/,50000.1,0.05215895682086359
1072,LigParGen/refJMC12/refJMC12/FEP/water/VDW/0800/,50000.1,0.0508389832203356
1073,LigParGen/refJMC12/refJMC12/FEP/water/VDW/0850/,50000.1,0.010399792004159915
1074,LigParGen/refJMC12/refJMC12/FEP/water/VDW/0900/,50000.1,0.001999960000799984
1075,LigParGen/refJMC12/refJMC12/FEP/water/VDW/0950/,50000.1,0.0018999620007599848
1076,LigParGen/refJMC12/refJMC12/FEP/water/VDW/1000/,50000.1,0.0005999880002399952
1077,LigParGen/refJMC12/refJMC12/FEP/octanol/Coulomb/0000/,50000.1,0.6070878582428352
1078,LigParGen/refJMC12/refJMC12/FEP/octanol/Coulomb/0125/,50000.1,0.6604867902641948
1079,LigParGen/refJMC12/refJMC12/FEP/octanol/Coulomb/0250/,50000.1,0.7745645087098258
1080,LigParGen/refJMC12/refJMC12/FEP/octanol/Coulomb/0375/,50000.1,0.875662486750265
1081,LigParGen/refJMC12/refJMC12/FEP/octanol/Coulomb/0500/,50000.1,0.2551748965020699
1082,LigParGen/refJMC12/refJMC12/FEP/octanol/Coulomb/0750/,50000.1,0.22971540569188614
1083,LigParGen/refJMC12/refJMC12/FEP/octanol/Coulomb/1000/,50000.1,0.04677906441871163
1084,LigParGen/refJMC12/refJMC12/FEP/octanol/VDW/0000/,50000.1,0.0746185076298474
1085,LigParGen/refJMC12/refJMC12/FEP/octanol/VDW/0050/,50000.1,0.18115637687246253
1086,LigParGen/refJMC12/refJMC12/FEP/octanol/VDW/0100/,50000.1,0.031799364012719745
1087,LigParGen/refJMC12/refJMC12/FEP/octanol/VDW/0200/,50000.1,0.023159536809263817
1088,LigParGen/refJMC12/refJMC12/FEP/octanol/VDW/0300/,50000.1,0.06719865602687945
1089,LigParGen/refJMC12/refJMC12/FEP/octanol/VDW/0400/,50000.1,0.08909821803563929
1090,LigParGen/refJMC12/refJMC12/FEP/octanol/VDW/0500/,50000.1,0.010439791204175916
1091,LigParGen/refJMC12/refJMC12/FEP/octanol/VDW/0600/,50000.1,0.035019299614007716
1092,LigParGen/refJMC12/refJMC12/FEP/octanol/VDW/0650/,50000.1,0.034639307213855726
1093,LigParGen/refJMC12/refJMC12/FEP/octanol/VDW/0700/,50000.1,0.043339133217335665
1094,LigParGen/refJMC12/refJMC12/FEP/octanol/VDW/0750/,50000.1,0.06677866442671146
1095,LigParGen/refJMC12/refJMC12/FEP/octanol/VDW/0800/,50000.1,0.2076758464830704
1096,LigParGen/refJMC12/refJMC12/FEP/octanol/VDW/0850/,50000.1,0.25545489090218193
1097,LigParGen/refJMC12/refJMC12/FEP/octanol/VDW/0900/,50000.1,0.16681666366672668
1098,LigParGen/refJMC12/refJMC12/FEP/octanol/VDW/0950/,50000.1,0.009259814803703926
1099,LigParGen/refJMC12/refJMC12/FEP/octanol/VDW/1000/,50000.1,0.004639907201855963
1100,LigParGen/refJMC13/refJMC13/FEP/water/Coulomb/0000/,50000.1,0.08581828363432731
1101,LigParGen/refJMC13/refJMC13/FEP/water/Coulomb/0250/,10065.7,0.17593880389429764
1102,LigParGen/refJMC13/refJMC13/FEP/water/Coulomb/0500/,226.9,0.920704845814978
1103,LigParGen/refJMC13/refJMC13/FEP/water/Coulomb/0750/,177.3,0.6292134831460674
1104,LigParGen/refJMC13/refJMC13/FEP/water/Coulomb/1000/,29.7,0.9
1105,LigParGen/refJMC13/refJMC13/FEP/water/VDW/0000/,6.1,1.0
1106,LigParGen/refJMC13/refJMC13/FEP/water/VDW/0050/,34.5,0.22857142857142854
1107,LigParGen/refJMC13/refJMC13/FEP/water/VDW/0100/,2.1,1.0
1108,LigParGen/refJMC13/refJMC13/FEP/water/VDW/0200/,20.9,0.7619047619047619
1109,LigParGen/refJMC13/refJMC13/FEP/water/VDW/0300/,304.9,0.17704918032786884
1110,LigParGen/refJMC13/refJMC13/FEP/water/VDW/0400/,97.7,0.7346938775510203
1111,LigParGen/refJMC13/refJMC13/FEP/water/VDW/0500/,9.7,0.9
1112,LigParGen/refJMC13/refJMC13/FEP/water/VDW/0600/,84.5,0.8235294117647058
1113,LigParGen/refJMC13/refJMC13/FEP/water/VDW/0650/,40.5,0.9268292682926829
1114,LigParGen/refJMC13/refJMC13/FEP/water/VDW/0700/,269.7,0.9407407407407408
1115,LigParGen/refJMC13/refJMC13/FEP/water/VDW/0750/,46.5,0.9787234042553192
1116,LigParGen/refJMC13/refJMC13/FEP/water/VDW/0800/,34.1,0.9714285714285714
1117,LigParGen/refJMC13/refJMC13/FEP/water/VDW/0850/,101.7,0.9803921568627452
1118,LigParGen/refJMC13/refJMC13/FEP/water/VDW/0900/,47.3,0.9583333333333334
1119,LigParGen/refJMC13/refJMC13/FEP/water/VDW/0950/,106.5,0.8224299065420559
1120,LigParGen/refJMC13/refJMC13/FEP/water/VDW/1000/,27.3,0.9285714285714284
1121,LigParGen/refJMC13/refJMC13/FEP/octanol/Coulomb/0000/,50000.1,0.31805363892722144
1122,LigParGen/refJMC13/refJMC13/FEP/octanol/Coulomb/0125/,28742.5,0.909925895000522
1123,LigParGen/refJMC13/refJMC13/FEP/octanol/Coulomb/0250/,10470.9,0.9007735650845192
1124,LigParGen/refJMC13/refJMC13/FEP/octanol/Coulomb/0375/,934.9,0.9048128342245991
1125,LigParGen/refJMC13/refJMC13/FEP/octanol/Coulomb/0500/,424.9,0.9505882352941176
1126,LigParGen/refJMC13/refJMC13/FEP/octanol/Coulomb/0750/,848.5,0.9269729093050648
1127,LigParGen/refJMC13/refJMC13/FEP/octanol/Coulomb/1000/,378.1,0.8601583113456465
1128,LigParGen/refJMC13/refJMC13/FEP/octanol/VDW/0000/,75.3,0.3947368421052631
1129,LigParGen/refJMC13/refJMC13/FEP/octanol/VDW/0050/,186.9,1.0
1130,LigParGen/refJMC13/refJMC13/FEP/octanol/VDW/0100/,104.1,0.6761904761904762
1131,LigParGen/refJMC13/refJMC13/FEP/octanol/VDW/0200/,214.5,0.7767441860465116
1132,LigParGen/refJMC13/refJMC13/FEP/octanol/VDW/0300/,108.1,0.8348623853211009
1133,LigParGen/refJMC13/refJMC13/FEP/octanol/VDW/0400/,30.5,0.8064516129032258
1134,LigParGen/refJMC13/refJMC13/FEP/octanol/VDW/0500/,26.5,0.8148148148148149
1135,LigParGen/refJMC13/refJMC13/FEP/octanol/VDW/0600/,74.1,0.8266666666666667
1136,LigParGen/refJMC13/refJMC13/FEP/octanol/VDW/0650/,127.7,0.8515625
1137,LigParGen/refJMC13/refJMC13/FEP/octanol/VDW/0700/,115.7,0.8965517241379309
1138,LigParGen/refJMC13/refJMC13/FEP/octanol/VDW/0750/,47.3,0.9375
1139,LigParGen/refJMC13/refJMC13/FEP/octanol/VDW/0800/,48.9,0.979591836734694
1140,LigParGen/refJMC13/refJMC13/FEP/octanol/VDW/0850/,13.7,1.0
1141,LigParGen/refJMC13/refJMC13/FEP/octanol/VDW/0900/,21.7,0.9545454545454546
1142,LigParGen/refJMC13/refJMC13/FEP/octanol/VDW/0950/,2.9,1.0
1143,LigParGen/refJMC13/refJMC13/FEP/octanol/VDW/1000/,2.1,0.6666666666666667
1144,LigParGen/refJMC14/refJMC14/FEP/water/Coulomb/0000/,50000.1,0.002239955200895982
1145,LigParGen/refJMC14/refJMC14/FEP/water/Coulomb/0250/,50000.1,0.1655166896662067
1146,LigParGen/refJMC14/refJMC14/FEP/water/Coulomb/0500/,50000.1,0.004459910801783964
1147,LigParGen/refJMC14/refJMC14/FEP/water/Coulomb/0750/,50000.1,0.003359932801343973
1148,LigParGen/refJMC14/refJMC14/FEP/water/Coulomb/1000/,50000.1,0.004759904801903961
1149,LigParGen/refJMC14/refJMC14/FEP/water/VDW/0000/,50000.1,0.0004399912001759965
1150,LigParGen/refJMC14/refJMC14/FEP/water/VDW/0050/,50000.1,0.0007199856002879943
1151,LigParGen/refJMC14/refJMC14/FEP/water/VDW/0100/,50000.1,0.0017399652006959859
1152,LigParGen/refJMC14/refJMC14/FEP/water/VDW/0200/,50000.1,0.0023999520009599807
1153,LigParGen/refJMC14/refJMC14/FEP/water/VDW/0300/,50000.1,0.002079958400831984
1154,LigParGen/refJMC14/refJMC14/FEP/water/VDW/0400/,50000.1,0.0064198716025679475
1155,LigParGen/refJMC14/refJMC14/FEP/water/VDW/0500/,50000.1,0.0009599808003839924
1156,LigParGen/refJMC14/refJMC14/FEP/water/VDW/0600/,50000.1,0.009659806803863923
1157,LigParGen/refJMC14/refJMC14/FEP/water/VDW/0650/,50000.1,0.014259714805703887
1158,LigParGen/refJMC14/refJMC14/FEP/water/VDW/0700/,50000.1,0.04453910921781565
1159,LigParGen/refJMC14/refJMC14/FEP/water/VDW/0750/,50000.1,0.04881902361952761
1160,LigParGen/refJMC14/refJMC14/FEP/water/VDW/0800/,50000.1,0.11525769484610307
1161,LigParGen/refJMC14/refJMC14/FEP/water/VDW/0850/,50000.1,0.02365952680946381
1162,LigParGen/refJMC14/refJMC14/FEP/water/VDW/0900/,50000.1,0.0037399252014959695
1163,LigParGen/refJMC14/refJMC14/FEP/water/VDW/0950/,50000.1,0.003379932401351973
1164,LigParGen/refJMC14/refJMC14/FEP/water/VDW/1000/,50000.1,0.003959920801583968
1165,LigParGen/refJMC14/refJMC14/FEP/octanol/Coulomb/0000/,50000.1,0.7872042559148817
1166,LigParGen/refJMC14/refJMC14/FEP/octanol/Coulomb/0125/,50000.1,0.8298234035319294
1167,LigParGen/refJMC14/refJMC14/FEP/octanol/Coulomb/0250/,50000.1,0.7459450810983781
1168,LigParGen/refJMC14/refJMC14/FEP/octanol/Coulomb/0375/,50000.1,0.6848863022739545
1169,LigParGen/refJMC14/refJMC14/FEP/octanol/Coulomb/0500/,50000.1,0.252834943301134
1170,LigParGen/refJMC14/refJMC14/FEP/octanol/Coulomb/0750/,50000.1,0.09171816563668726
1171,LigParGen/refJMC14/refJMC14/FEP/octanol/Coulomb/1000/,50000.1,0.02957940841183176
1172,LigParGen/refJMC14/refJMC14/FEP/octanol/VDW/0000/,50000.1,0.05475890482190356
1173,LigParGen/refJMC14/refJMC14/FEP/octanol/VDW/0050/,50000.1,0.043099138017239656
1174,LigParGen/refJMC14/refJMC14/FEP/octanol/VDW/0100/,50000.1,0.007019859602807944
1175,LigParGen/refJMC14/refJMC14/FEP/octanol/VDW/0200/,50000.1,0.02001959960800784
1176,LigParGen/refJMC14/refJMC14/FEP/octanol/VDW/0300/,50000.1,0.018059638807223857
1177,LigParGen/refJMC14/refJMC14/FEP/octanol/VDW/0400/,50000.1,0.04111917761644767
1178,LigParGen/refJMC14/refJMC14/FEP/octanol/VDW/0500/,50000.1,0.038239235215295694
1179,LigParGen/refJMC14/refJMC14/FEP/octanol/VDW/0600/,50000.1,0.030799384012319755
1180,LigParGen/refJMC14/refJMC14/FEP/octanol/VDW/0650/,50000.1,0.05371892562148757
1181,LigParGen/refJMC14/refJMC14/FEP/octanol/VDW/0700/,50000.1,0.0987380252394952
1182,LigParGen/refJMC14/refJMC14/FEP/octanol/VDW/0750/,50000.1,0.2711345773084538
1183,LigParGen/refJMC14/refJMC14/FEP/octanol/VDW/0800/,50000.1,0.030659386812263763
1184,LigParGen/refJMC14/refJMC14/FEP/octanol/VDW/0850/,50000.1,0.3981120377592448
1185,LigParGen/refJMC14/refJMC14/FEP/octanol/VDW/0900/,50000.1,0.04009919801603968
1186,LigParGen/refJMC14/refJMC14/FEP/octanol/VDW/0950/,50000.1,0.1396172076558469
1187,LigParGen/refJMC14/refJMC14/FEP/octanol/VDW/1000/,50000.1,0.0028199436011279782
